TimeGenerated,EventID,AccountName,AccountDomain
2016-10-07 04:04:23,4776,machida.kanagawa,WIN7_64JP_01
2016-10-07 04:30:07,4776,administrator,WIN7_64JP_01
2016-10-07 05:01:44,4776,administrator,WIN7_64JP_02
2016-10-07 05:01:44,4776,yokohama.kanagawa,WIN7_64JP_02
2016-10-07 05:01:44,4776,yokohama.kanagawa,WIN7_64JP_02
2016-10-07 05:01:44,4776,yokohama.kanagawa,WIN7_64JP_02
2016-10-07 05:18:39,4776,administrator,WIN7_64JP_03
2016-10-07 05:18:40,4776,urayasu.chiba,WIN7_64JP_03
2016-10-07 05:18:40,4776,urayasu.chiba,WIN7_64JP_03
2016-10-07 05:18:40,4776,urayasu.chiba,WIN7_64JP_03
2016-10-07 05:19:31,4776,urayasu.chiba,WIN7_64JP_03
2016-10-07 05:19:31,4776,urayasu.chiba,WIN7_64JP_03
2016-10-07 05:19:31,4776,urayasu.chiba,WIN7_64JP_03
2016-10-07 05:19:32,4776,urayasu.chiba,WIN7_64JP_03
