TimeGenerated,EventID,AccountName,AccountDomain,ServiceName,SourceIP,SourcePort
2016-10-06 03:49:00,4769,WIN-WFBHIBE5GXZ$@EXAMPLE.CO.JP,EXAMPLE.CO.JP,WIN-WFBHIBE5GXZ$,::1,0
2016-10-06 03:50:49,4769,WIN7_64JP_02$@EXAMPLE.CO.JP,EXAMPLE.CO.JP,WIN-WFBHIBE5GXZ$,::ffff:192.168.16.102,49221
2016-10-06 04:04:02,4769,WIN-WFBHIBE5GXZ$@EXAMPLE.CO.JP,EXAMPLE.CO.JP,WIN-WFBHIBE5GXZ$,::1,0
2016-10-06 04:19:03,4769,WIN-WFBHIBE5GXZ$@EXAMPLE.CO.JP,EXAMPLE.CO.JP,WIN-WFBHIBE5GXZ$,::1,0
2016-10-06 04:34:05,4769,WIN-WFBHIBE5GXZ$@EXAMPLE.CO.JP,EXAMPLE.CO.JP,WIN-WFBHIBE5GXZ$,::1,0
2016-10-06 04:49:06,4769,WIN-WFBHIBE5GXZ$@EXAMPLE.CO.JP,EXAMPLE.CO.JP,WIN-WFBHIBE5GXZ$,::1,0
2016-10-06 05:04:08,4769,WIN-WFBHIBE5GXZ$@EXAMPLE.CO.JP,EXAMPLE.CO.JP,WIN-WFBHIBE5GXZ$,::1,0
2016-10-06 05:12:53,4769,WIN7_64JP_01$@EXAMPLE.CO.JP,EXAMPLE.CO.JP,WIN7_64JP_01$,::ffff:192.168.16.101,49328
2016-10-06 05:19:09,4769,WIN-WFBHIBE5GXZ$@EXAMPLE.CO.JP,EXAMPLE.CO.JP,WIN-WFBHIBE5GXZ$,::1,0
2016-10-06 05:23:38,4769,WIN-WFBHIBE5GXZ$@EXAMPLE.CO.JP,EXAMPLE.CO.JP,krbtgt,::1,0
2016-10-06 05:26:58,4769,WIN7_64JP_02$@EXAMPLE.CO.JP,EXAMPLE.CO.JP,WIN7_64JP_02$,::ffff:192.168.16.102,49260
2016-10-06 05:34:10,4769,WIN-WFBHIBE5GXZ$@EXAMPLE.CO.JP,EXAMPLE.CO.JP,WIN-WFBHIBE5GXZ$,::1,0
2016-10-06 05:38:48,4769,WIN-WFBHIBE5GXZ$@EXAMPLE.CO.JP,EXAMPLE.CO.JP,WIN-WFBHIBE5GXZ$,::1,0
2016-10-06 05:38:50,4769,WIN-WFBHIBE5GXZ$@EXAMPLE.CO.JP,EXAMPLE.CO.JP,WIN-WFBHIBE5GXZ$,::1,0
2016-10-06 05:38:50,4769,WIN-WFBHIBE5GXZ$@EXAMPLE.CO.JP,EXAMPLE.CO.JP,WIN-WFBHIBE5GXZ$,::1,0
2016-10-06 05:39:11,4769,WIN-WFBHIBE5GXZ$@EXAMPLE.CO.JP,EXAMPLE.CO.JP,WIN-WFBHIBE5GXZ$,::1,0
2016-10-06 05:43:51,4769,WIN7_64JP_03$@EXAMPLE.CO.JP,EXAMPLE.CO.JP,WIN7_64JP_03$,::ffff:192.168.16.103,49287
2016-10-06 05:49:12,4769,WIN-WFBHIBE5GXZ$@EXAMPLE.CO.JP,EXAMPLE.CO.JP,WIN-WFBHIBE5GXZ$,::1,0
2016-10-06 06:04:13,4769,WIN-WFBHIBE5GXZ$@EXAMPLE.CO.JP,EXAMPLE.CO.JP,WIN-WFBHIBE5GXZ$,::1,0
2016-10-06 06:04:23,4769,WIN-WFBHIBE5GXZ$@EXAMPLE.CO.JP,EXAMPLE.CO.JP,WIN-WFBHIBE5GXZ$,::1,0
2016-10-06 06:19:15,4769,WIN-WFBHIBE5GXZ$@EXAMPLE.CO.JP,EXAMPLE.CO.JP,WIN-WFBHIBE5GXZ$,::1,0
2016-10-06 06:34:16,4769,WIN-WFBHIBE5GXZ$@EXAMPLE.CO.JP,EXAMPLE.CO.JP,WIN-WFBHIBE5GXZ$,::1,0
2016-10-06 06:49:18,4769,WIN-WFBHIBE5GXZ$@EXAMPLE.CO.JP,EXAMPLE.CO.JP,WIN-WFBHIBE5GXZ$,::1,0
2016-10-06 06:56:59,4769,WIN7_64JP_02$@EXAMPLE.CO.JP,EXAMPLE.CO.JP,WIN7_64JP_02$,::ffff:192.168.16.102,49287
2016-10-06 07:02:54,4769,WIN7_64JP_01$@EXAMPLE.CO.JP,EXAMPLE.CO.JP,WIN7_64JP_01$,::ffff:192.168.16.101,49429
2016-10-06 07:04:19,4769,WIN-WFBHIBE5GXZ$@EXAMPLE.CO.JP,EXAMPLE.CO.JP,WIN-WFBHIBE5GXZ$,::1,0
2016-10-06 07:19:20,4769,WIN-WFBHIBE5GXZ$@EXAMPLE.CO.JP,EXAMPLE.CO.JP,WIN-WFBHIBE5GXZ$,::1,0
2016-10-06 07:20:52,4769,WIN7_64JP_03$@EXAMPLE.CO.JP,EXAMPLE.CO.JP,WIN7_64JP_03$,::ffff:192.168.16.103,49299
2016-10-06 07:34:22,4769,WIN-WFBHIBE5GXZ$@EXAMPLE.CO.JP,EXAMPLE.CO.JP,WIN-WFBHIBE5GXZ$,::1,0
2016-10-06 07:37:51,4769,WIN-WFBHIBE5GXZ$@EXAMPLE.CO.JP,EXAMPLE.CO.JP,WIN-WFBHIBE5GXZ$,::1,0
2016-10-06 07:37:51,4769,WIN-WFBHIBE5GXZ$@EXAMPLE.CO.JP,EXAMPLE.CO.JP,WIN-WFBHIBE5GXZ$,::1,0
2016-10-06 07:37:51,4769,WIN-WFBHIBE5GXZ$@EXAMPLE.CO.JP,EXAMPLE.CO.JP,WIN-WFBHIBE5GXZ$,::1,0
2016-10-06 07:37:51,4769,WIN-WFBHIBE5GXZ$@EXAMPLE.CO.JP,EXAMPLE.CO.JP,WIN-WFBHIBE5GXZ$,::1,0
2016-10-06 07:49:13,4769,WIN-WFBHIBE5GXZ$@EXAMPLE.CO.JP,EXAMPLE.CO.JP,WIN-WFBHIBE5GXZ$,::1,0
2016-10-06 07:49:13,4769,WIN-WFBHIBE5GXZ$@EXAMPLE.CO.JP,EXAMPLE.CO.JP,krbtgt,::1,0
2016-10-06 07:49:23,4769,WIN-WFBHIBE5GXZ$@EXAMPLE.CO.JP,EXAMPLE.CO.JP,WIN-WFBHIBE5GXZ$,::1,0
2016-10-06 08:04:25,4769,WIN-WFBHIBE5GXZ$@EXAMPLE.CO.JP,EXAMPLE.CO.JP,WIN-WFBHIBE5GXZ$,::1,0
2016-10-06 08:19:26,4769,WIN-WFBHIBE5GXZ$@EXAMPLE.CO.JP,EXAMPLE.CO.JP,WIN-WFBHIBE5GXZ$,::1,0
2016-10-06 08:32:01,4769,WIN7_64JP_02$@EXAMPLE.CO.JP,EXAMPLE.CO.JP,WIN7_64JP_02$,::ffff:192.168.16.102,49322
2016-10-06 08:33:55,4769,WIN7_64JP_01$@EXAMPLE.CO.JP,EXAMPLE.CO.JP,WIN7_64JP_01$,::ffff:192.168.16.101,49517
2016-10-06 08:34:27,4769,WIN-WFBHIBE5GXZ$@EXAMPLE.CO.JP,EXAMPLE.CO.JP,WIN-WFBHIBE5GXZ$,::1,0
2016-10-06 08:49:29,4769,WIN-WFBHIBE5GXZ$@EXAMPLE.CO.JP,EXAMPLE.CO.JP,WIN-WFBHIBE5GXZ$,::1,0
2016-10-06 09:04:30,4769,WIN-WFBHIBE5GXZ$@EXAMPLE.CO.JP,EXAMPLE.CO.JP,WIN-WFBHIBE5GXZ$,::1,0
2016-10-06 09:18:54,4769,WIN7_64JP_03$@EXAMPLE.CO.JP,EXAMPLE.CO.JP,WIN7_64JP_03$,::ffff:192.168.16.103,49328
2016-10-06 09:19:32,4769,WIN-WFBHIBE5GXZ$@EXAMPLE.CO.JP,EXAMPLE.CO.JP,WIN-WFBHIBE5GXZ$,::1,0
2016-10-06 09:34:33,4769,WIN-WFBHIBE5GXZ$@EXAMPLE.CO.JP,EXAMPLE.CO.JP,WIN-WFBHIBE5GXZ$,::1,0
2016-10-06 09:49:35,4769,WIN-WFBHIBE5GXZ$@EXAMPLE.CO.JP,EXAMPLE.CO.JP,WIN-WFBHIBE5GXZ$,::1,0
2016-10-06 10:04:36,4769,WIN-WFBHIBE5GXZ$@EXAMPLE.CO.JP,EXAMPLE.CO.JP,WIN-WFBHIBE5GXZ$,::1,0
2016-10-06 10:07:56,4769,WIN7_64JP_01$@EXAMPLE.CO.JP,EXAMPLE.CO.JP,WIN7_64JP_01$,::ffff:192.168.16.101,49594
2016-10-06 10:19:37,4769,WIN-WFBHIBE5GXZ$@EXAMPLE.CO.JP,EXAMPLE.CO.JP,WIN-WFBHIBE5GXZ$,::1,0
2016-10-06 10:31:02,4769,WIN7_64JP_02$@EXAMPLE.CO.JP,EXAMPLE.CO.JP,WIN7_64JP_02$,::ffff:192.168.16.102,49363
2016-10-06 10:34:39,4769,WIN-WFBHIBE5GXZ$@EXAMPLE.CO.JP,EXAMPLE.CO.JP,WIN-WFBHIBE5GXZ$,::1,0
2016-10-06 10:49:40,4769,WIN-WFBHIBE5GXZ$@EXAMPLE.CO.JP,EXAMPLE.CO.JP,WIN-WFBHIBE5GXZ$,::1,0
2016-10-06 10:57:55,4769,WIN7_64JP_03$@EXAMPLE.CO.JP,EXAMPLE.CO.JP,WIN7_64JP_03$,::ffff:192.168.16.103,49347
2016-10-06 11:04:42,4769,WIN-WFBHIBE5GXZ$@EXAMPLE.CO.JP,EXAMPLE.CO.JP,WIN-WFBHIBE5GXZ$,::1,0
2016-10-06 11:19:43,4769,WIN-WFBHIBE5GXZ$@EXAMPLE.CO.JP,EXAMPLE.CO.JP,WIN-WFBHIBE5GXZ$,::1,0
2016-10-06 11:23:57,4769,WIN7_64JP_01$@EXAMPLE.CO.JP,EXAMPLE.CO.JP,WIN7_64JP_01$,::ffff:192.168.16.101,49668
2016-10-06 11:23:57,4769,WIN7_64JP_01$@EXAMPLE.CO.JP,EXAMPLE.CO.JP,WIN7_64JP_01$,::ffff:192.168.16.101,49669
2016-10-06 11:34:45,4769,WIN-WFBHIBE5GXZ$@EXAMPLE.CO.JP,EXAMPLE.CO.JP,WIN-WFBHIBE5GXZ$,::1,0
2016-10-06 11:36:01,4769,WIN7_64JP_02$@EXAMPLE.CO.JP,EXAMPLE.CO.JP,WIN7_64JP_02$,::ffff:192.168.16.102,49392
2016-10-06 11:36:01,4769,WIN7_64JP_02$@EXAMPLE.CO.JP,EXAMPLE.CO.JP,WIN7_64JP_02$,::ffff:192.168.16.102,49393
2016-10-06 11:45:57,4769,WIN7_64JP_03$@EXAMPLE.CO.JP,EXAMPLE.CO.JP,WIN7_64JP_03$,::ffff:192.168.16.103,49357
2016-10-06 11:45:57,4769,WIN7_64JP_03$@EXAMPLE.CO.JP,EXAMPLE.CO.JP,WIN7_64JP_03$,::ffff:192.168.16.103,49358
2016-10-06 11:49:46,4769,WIN-WFBHIBE5GXZ$@EXAMPLE.CO.JP,EXAMPLE.CO.JP,WIN-WFBHIBE5GXZ$,::1,0
2016-10-06 12:04:47,4769,WIN-WFBHIBE5GXZ$@EXAMPLE.CO.JP,EXAMPLE.CO.JP,WIN-WFBHIBE5GXZ$,::1,0
2016-10-06 12:09:03,4769,WIN7_64JP_02$@EXAMPLE.CO.JP,EXAMPLE.CO.JP,WIN7_64JP_02$,::ffff:192.168.16.102,49406
2016-10-06 12:19:49,4769,WIN-WFBHIBE5GXZ$@EXAMPLE.CO.JP,EXAMPLE.CO.JP,WIN-WFBHIBE5GXZ$,::1,0
2016-10-06 12:34:50,4769,WIN-WFBHIBE5GXZ$@EXAMPLE.CO.JP,EXAMPLE.CO.JP,WIN-WFBHIBE5GXZ$,::1,0
2016-10-06 12:38:56,4769,WIN7_64JP_03$@EXAMPLE.CO.JP,EXAMPLE.CO.JP,WIN7_64JP_03$,::ffff:192.168.16.103,49375
2016-10-06 12:49:52,4769,WIN-WFBHIBE5GXZ$@EXAMPLE.CO.JP,EXAMPLE.CO.JP,WIN-WFBHIBE5GXZ$,::1,0
2016-10-06 12:53:57,4769,WIN7_64JP_01$@EXAMPLE.CO.JP,EXAMPLE.CO.JP,krbtgt,::ffff:192.168.16.101,49758
2016-10-06 13:04:53,4769,WIN-WFBHIBE5GXZ$@EXAMPLE.CO.JP,EXAMPLE.CO.JP,WIN-WFBHIBE5GXZ$,::1,0
2016-10-06 13:06:01,4769,WIN7_64JP_02$@EXAMPLE.CO.JP,EXAMPLE.CO.JP,krbtgt,::ffff:192.168.16.102,49431
2016-10-06 13:08:57,4769,WIN7_64JP_01$@EXAMPLE.CO.JP,EXAMPLE.CO.JP,WIN-WFBHIBE5GXZ$,::ffff:192.168.16.101,49774
2016-10-06 13:15:56,4769,WIN7_64JP_03$@EXAMPLE.CO.JP,EXAMPLE.CO.JP,krbtgt,::ffff:192.168.16.103,49381
2016-10-06 13:19:54,4769,WIN-WFBHIBE5GXZ$@EXAMPLE.CO.JP,EXAMPLE.CO.JP,WIN-WFBHIBE5GXZ$,::1,0
2016-10-06 13:21:01,4769,WIN7_64JP_02$@EXAMPLE.CO.JP,EXAMPLE.CO.JP,WIN-WFBHIBE5GXZ$,::ffff:192.168.16.102,49436
2016-10-06 13:27:58,4769,WIN7_64JP_01$@EXAMPLE.CO.JP,EXAMPLE.CO.JP,WIN-WFBHIBE5GXZ$,::ffff:192.168.16.101,49787
2016-10-06 13:27:58,4769,WIN7_64JP_01$@EXAMPLE.CO.JP,EXAMPLE.CO.JP,WIN7_64JP_01$,::ffff:192.168.16.101,49789
2016-10-06 13:27:58,4769,WIN7_64JP_01$@EXAMPLE.CO.JP,EXAMPLE.CO.JP,WIN7_64JP_01$,::ffff:192.168.16.101,49790
2016-10-06 13:27:59,4769,WIN7_64JP_01$@EXAMPLE.CO.JP,EXAMPLE.CO.JP,WIN-WFBHIBE5GXZ$,::ffff:192.168.16.101,49794
2016-10-06 13:27:59,4769,WIN7_64JP_01$@EXAMPLE.CO.JP,EXAMPLE.CO.JP,krbtgt,::ffff:192.168.16.101,49795
2016-10-06 13:30:56,4769,WIN7_64JP_03$@EXAMPLE.CO.JP,EXAMPLE.CO.JP,WIN-WFBHIBE5GXZ$,::ffff:192.168.16.103,49384
2016-10-06 13:31:07,4769,chiyoda.tokyo@EXAMPLE.CO.JP,EXAMPLE.CO.JP,krbtgt/EXAMPLE.CO.JP,::ffff:192.168.16.101,49804
2016-10-06 13:31:07,4769,chiyoda.tokyo@EXAMPLE.CO.JP,EXAMPLE.CO.JP,WIN-WFBHIBE5GXZ$,::ffff:192.168.16.101,49807
2016-10-06 13:31:07,4769,chiyoda.tokyo@EXAMPLE.CO.JP,EXAMPLE.CO.JP,WIN-WFBHIBE5GXZ$,::ffff:192.168.16.101,49810
2016-10-06 13:31:07,4769,chiyoda.tokyo@EXAMPLE.CO.JP,EXAMPLE.CO.JP,WIN-WFBHIBE5GXZ$,::ffff:192.168.16.101,49813
2016-10-06 13:31:07,4769,chiyoda.tokyo@EXAMPLE.CO.JP,EXAMPLE.CO.JP,krbtgt,::ffff:192.168.16.101,49814
2016-10-06 13:34:56,4769,WIN-WFBHIBE5GXZ$@EXAMPLE.CO.JP,EXAMPLE.CO.JP,WIN-WFBHIBE5GXZ$,::1,0
2016-10-06 13:48:14,4769,urayasu.chiba@EXAMPLE.CO.JP,EXAMPLE.CO.JP,krbtgt/EXAMPLE.CO.JP,::ffff:192.168.16.103,49388
2016-10-06 13:48:14,4769,urayasu.chiba@EXAMPLE.CO.JP,EXAMPLE.CO.JP,WIN-WFBHIBE5GXZ$,::ffff:192.168.16.103,49392
2016-10-06 13:48:14,4769,urayasu.chiba@EXAMPLE.CO.JP,EXAMPLE.CO.JP,WIN-WFBHIBE5GXZ$,::ffff:192.168.16.103,49394
2016-10-06 13:48:14,4769,urayasu.chiba@EXAMPLE.CO.JP,EXAMPLE.CO.JP,WIN-WFBHIBE5GXZ$,::ffff:192.168.16.103,49397
2016-10-06 13:48:14,4769,urayasu.chiba@EXAMPLE.CO.JP,EXAMPLE.CO.JP,krbtgt,::ffff:192.168.16.103,49398
2016-10-06 13:49:57,4769,WIN-WFBHIBE5GXZ$@EXAMPLE.CO.JP,EXAMPLE.CO.JP,WIN-WFBHIBE5GXZ$,::1,0
2016-10-06 13:51:04,4769,WIN7_64JP_02$@EXAMPLE.CO.JP,EXAMPLE.CO.JP,WIN-WFBHIBE5GXZ$,::ffff:192.168.16.102,49445
2016-10-06 13:51:04,4769,WIN7_64JP_02$@EXAMPLE.CO.JP,EXAMPLE.CO.JP,WIN7_64JP_02$,::ffff:192.168.16.102,49447
2016-10-06 13:51:04,4769,WIN7_64JP_02$@EXAMPLE.CO.JP,EXAMPLE.CO.JP,WIN7_64JP_02$,::ffff:192.168.16.102,49448
2016-10-06 13:51:04,4769,WIN7_64JP_02$@EXAMPLE.CO.JP,EXAMPLE.CO.JP,WIN-WFBHIBE5GXZ$,::ffff:192.168.16.102,49452
2016-10-06 13:51:04,4769,WIN7_64JP_02$@EXAMPLE.CO.JP,EXAMPLE.CO.JP,krbtgt,::ffff:192.168.16.102,49453
2016-10-06 14:04:59,4769,WIN-WFBHIBE5GXZ$@EXAMPLE.CO.JP,EXAMPLE.CO.JP,WIN-WFBHIBE5GXZ$,::1,0
2016-10-06 14:15:29,4769,,,,::ffff:192.168.16.102,49463
2016-10-06 14:15:29,4769,yokohama.kanagawa@EXAMPLE.CO.JP,EXAMPLE.CO.JP,WIN-WFBHIBE5GXZ$,::ffff:192.168.16.102,49466
2016-10-06 14:15:30,4769,yokohama.kanagawa@EXAMPLE.CO.JP,EXAMPLE.CO.JP,WIN-WFBHIBE5GXZ$,::ffff:192.168.16.102,49469
2016-10-06 14:15:30,4769,yokohama.kanagawa@EXAMPLE.CO.JP,EXAMPLE.CO.JP,WIN-WFBHIBE5GXZ$,::ffff:192.168.16.102,49472
2016-10-06 14:15:30,4769,yokohama.kanagawa@EXAMPLE.CO.JP,EXAMPLE.CO.JP,krbtgt,::ffff:192.168.16.102,49473
2016-10-06 14:17:57,4769,WIN7_64JP_03$@EXAMPLE.CO.JP,EXAMPLE.CO.JP,WIN-WFBHIBE5GXZ$,::ffff:192.168.16.103,49403
2016-10-06 14:17:57,4769,WIN7_64JP_03$@EXAMPLE.CO.JP,EXAMPLE.CO.JP,WIN7_64JP_03$,::ffff:192.168.16.103,49405
2016-10-06 14:17:57,4769,WIN7_64JP_03$@EXAMPLE.CO.JP,EXAMPLE.CO.JP,WIN-WFBHIBE5GXZ$,::ffff:192.168.16.103,49408
2016-10-06 14:17:57,4769,WIN7_64JP_03$@EXAMPLE.CO.JP,EXAMPLE.CO.JP,krbtgt,::ffff:192.168.16.103,49409
2016-10-06 14:17:57,4769,WIN7_64JP_03$@EXAMPLE.CO.JP,EXAMPLE.CO.JP,WIN7_64JP_03$,::ffff:192.168.16.103,49410
2016-10-06 14:20:00,4769,WIN-WFBHIBE5GXZ$@EXAMPLE.CO.JP,EXAMPLE.CO.JP,WIN-WFBHIBE5GXZ$,::1,0
2016-10-06 14:35:02,4769,WIN-WFBHIBE5GXZ$@EXAMPLE.CO.JP,EXAMPLE.CO.JP,WIN-WFBHIBE5GXZ$,::1,0
2016-10-06 14:50:03,4769,WIN-WFBHIBE5GXZ$@EXAMPLE.CO.JP,EXAMPLE.CO.JP,WIN-WFBHIBE5GXZ$,::1,0
2016-10-06 14:54:05,4769,WIN-WFBHIBE5GXZ$@EXAMPLE.CO.JP,EXAMPLE.CO.JP,krbtgt,::1,0
2016-10-06 15:00:00,4769,WIN7_64JP_01$@EXAMPLE.CO.JP,EXAMPLE.CO.JP,WIN7_64JP_01$,::ffff:192.168.16.101,49892
2016-10-06 15:05:04,4769,WIN-WFBHIBE5GXZ$@EXAMPLE.CO.JP,EXAMPLE.CO.JP,WIN-WFBHIBE5GXZ$,::1,0
2016-10-06 15:10:05,4769,WIN-WFBHIBE5GXZ$@EXAMPLE.CO.JP,EXAMPLE.CO.JP,WIN-WFBHIBE5GXZ$,::1,0
2016-10-06 15:11:27,4769,WIN-WFBHIBE5GXZ$@EXAMPLE.CO.JP,EXAMPLE.CO.JP,WIN-WFBHIBE5GXZ$,::1,0
2016-10-06 15:11:27,4769,WIN-WFBHIBE5GXZ$@EXAMPLE.CO.JP,EXAMPLE.CO.JP,WIN-WFBHIBE5GXZ$,::1,0
2016-10-06 15:11:27,4769,WIN-WFBHIBE5GXZ$@EXAMPLE.CO.JP,EXAMPLE.CO.JP,WIN-WFBHIBE5GXZ$,::1,0
2016-10-06 15:20:06,4769,WIN-WFBHIBE5GXZ$@EXAMPLE.CO.JP,EXAMPLE.CO.JP,WIN-WFBHIBE5GXZ$,::1,0
2016-10-06 15:35:07,4769,WIN-WFBHIBE5GXZ$@EXAMPLE.CO.JP,EXAMPLE.CO.JP,WIN-WFBHIBE5GXZ$,::1,0
2016-10-06 15:37:51,4769,WIN-WFBHIBE5GXZ$@EXAMPLE.CO.JP,EXAMPLE.CO.JP,WIN-WFBHIBE5GXZ$,::1,0
2016-10-06 15:37:51,4769,WIN-WFBHIBE5GXZ$@EXAMPLE.CO.JP,EXAMPLE.CO.JP,WIN-WFBHIBE5GXZ$,::1,0
2016-10-06 15:37:51,4769,WIN-WFBHIBE5GXZ$@EXAMPLE.CO.JP,EXAMPLE.CO.JP,WIN-WFBHIBE5GXZ$,::1,0
2016-10-06 15:37:51,4769,WIN-WFBHIBE5GXZ$@EXAMPLE.CO.JP,EXAMPLE.CO.JP,WIN-WFBHIBE5GXZ$,::1,0
2016-10-06 15:45:05,4769,WIN7_64JP_02$@EXAMPLE.CO.JP,EXAMPLE.CO.JP,WIN7_64JP_02$,::ffff:192.168.16.102,49499
2016-10-06 15:50:09,4769,WIN-WFBHIBE5GXZ$@EXAMPLE.CO.JP,EXAMPLE.CO.JP,WIN-WFBHIBE5GXZ$,::1,0
2016-10-06 15:58:58,4769,WIN7_64JP_03$@EXAMPLE.CO.JP,EXAMPLE.CO.JP,WIN7_64JP_03$,::ffff:192.168.16.103,49429
2016-10-06 16:04:21,4769,WIN-WFBHIBE5GXZ$@EXAMPLE.CO.JP,EXAMPLE.CO.JP,WIN-WFBHIBE5GXZ$,::1,0
2016-10-06 16:05:10,4769,WIN-WFBHIBE5GXZ$@EXAMPLE.CO.JP,EXAMPLE.CO.JP,WIN-WFBHIBE5GXZ$,::1,0
2016-10-06 16:20:11,4769,WIN-WFBHIBE5GXZ$@EXAMPLE.CO.JP,EXAMPLE.CO.JP,WIN-WFBHIBE5GXZ$,::1,0
2016-10-06 16:32:01,4769,WIN7_64JP_01$@EXAMPLE.CO.JP,EXAMPLE.CO.JP,WIN7_64JP_01$,::ffff:192.168.16.101,49975
2016-10-06 16:35:13,4769,WIN-WFBHIBE5GXZ$@EXAMPLE.CO.JP,EXAMPLE.CO.JP,WIN-WFBHIBE5GXZ$,::1,0
2016-10-06 16:50:14,4769,WIN-WFBHIBE5GXZ$@EXAMPLE.CO.JP,EXAMPLE.CO.JP,WIN-WFBHIBE5GXZ$,::1,0
2016-10-06 17:05:16,4769,WIN-WFBHIBE5GXZ$@EXAMPLE.CO.JP,EXAMPLE.CO.JP,WIN-WFBHIBE5GXZ$,::1,0
2016-10-06 17:20:17,4769,WIN-WFBHIBE5GXZ$@EXAMPLE.CO.JP,EXAMPLE.CO.JP,WIN-WFBHIBE5GXZ$,::1,0
2016-10-06 17:35:19,4769,WIN-WFBHIBE5GXZ$@EXAMPLE.CO.JP,EXAMPLE.CO.JP,WIN-WFBHIBE5GXZ$,::1,0
2016-10-06 17:38:00,4769,WIN7_64JP_03$@EXAMPLE.CO.JP,EXAMPLE.CO.JP,WIN7_64JP_03$,::ffff:192.168.16.103,49449
2016-10-06 17:42:07,4769,WIN7_64JP_02$@EXAMPLE.CO.JP,EXAMPLE.CO.JP,WIN7_64JP_02$,::ffff:192.168.16.102,49546
2016-10-06 17:50:20,4769,WIN-WFBHIBE5GXZ$@EXAMPLE.CO.JP,EXAMPLE.CO.JP,WIN-WFBHIBE5GXZ$,::1,0
2016-10-06 18:05:02,4769,WIN7_64JP_01$@EXAMPLE.CO.JP,EXAMPLE.CO.JP,WIN7_64JP_01$,::ffff:192.168.16.101,50066
2016-10-06 18:05:21,4769,WIN-WFBHIBE5GXZ$@EXAMPLE.CO.JP,EXAMPLE.CO.JP,WIN-WFBHIBE5GXZ$,::1,0
2016-10-06 18:20:23,4769,WIN-WFBHIBE5GXZ$@EXAMPLE.CO.JP,EXAMPLE.CO.JP,WIN-WFBHIBE5GXZ$,::1,0
2016-10-06 18:35:24,4769,WIN-WFBHIBE5GXZ$@EXAMPLE.CO.JP,EXAMPLE.CO.JP,WIN-WFBHIBE5GXZ$,::1,0
2016-10-06 18:50:26,4769,WIN-WFBHIBE5GXZ$@EXAMPLE.CO.JP,EXAMPLE.CO.JP,WIN-WFBHIBE5GXZ$,::1,0
2016-10-06 19:05:27,4769,WIN-WFBHIBE5GXZ$@EXAMPLE.CO.JP,EXAMPLE.CO.JP,WIN-WFBHIBE5GXZ$,::1,0
2016-10-06 19:20:29,4769,WIN-WFBHIBE5GXZ$@EXAMPLE.CO.JP,EXAMPLE.CO.JP,WIN-WFBHIBE5GXZ$,::1,0
2016-10-06 19:21:08,4769,WIN7_64JP_02$@EXAMPLE.CO.JP,EXAMPLE.CO.JP,WIN7_64JP_02$,::ffff:192.168.16.102,49582
2016-10-06 19:23:58,4769,WIN7_64JP_01$@EXAMPLE.CO.JP,EXAMPLE.CO.JP,WIN7_64JP_01$,::ffff:192.168.16.101,50138
2016-10-06 19:23:58,4769,WIN7_64JP_01$@EXAMPLE.CO.JP,EXAMPLE.CO.JP,WIN7_64JP_01$,::ffff:192.168.16.101,50139
2016-10-06 19:35:01,4769,WIN7_64JP_03$@EXAMPLE.CO.JP,EXAMPLE.CO.JP,WIN7_64JP_03$,::ffff:192.168.16.103,49470
2016-10-06 19:35:30,4769,WIN-WFBHIBE5GXZ$@EXAMPLE.CO.JP,EXAMPLE.CO.JP,WIN-WFBHIBE5GXZ$,::1,0
2016-10-06 19:36:02,4769,WIN7_64JP_02$@EXAMPLE.CO.JP,EXAMPLE.CO.JP,WIN7_64JP_02$,::ffff:192.168.16.102,49591
2016-10-06 19:45:58,4769,WIN7_64JP_03$@EXAMPLE.CO.JP,EXAMPLE.CO.JP,WIN7_64JP_03$,::ffff:192.168.16.103,49477
2016-10-06 19:50:31,4769,WIN-WFBHIBE5GXZ$@EXAMPLE.CO.JP,EXAMPLE.CO.JP,WIN-WFBHIBE5GXZ$,::1,0
2016-10-06 19:52:03,4769,WIN7_64JP_01$@EXAMPLE.CO.JP,EXAMPLE.CO.JP,WIN7_64JP_01$,::ffff:192.168.16.101,50165
2016-10-06 20:05:33,4769,WIN-WFBHIBE5GXZ$@EXAMPLE.CO.JP,EXAMPLE.CO.JP,WIN-WFBHIBE5GXZ$,::1,0
2016-10-06 20:20:33,4769,WIN-WFBHIBE5GXZ$@EXAMPLE.CO.JP,EXAMPLE.CO.JP,WIN-WFBHIBE5GXZ$,::1,0
2016-10-06 20:35:36,4769,WIN-WFBHIBE5GXZ$@EXAMPLE.CO.JP,EXAMPLE.CO.JP,WIN-WFBHIBE5GXZ$,::1,0
2016-10-06 20:50:37,4769,WIN-WFBHIBE5GXZ$@EXAMPLE.CO.JP,EXAMPLE.CO.JP,WIN-WFBHIBE5GXZ$,::1,0
2016-10-06 21:05:38,4769,WIN-WFBHIBE5GXZ$@EXAMPLE.CO.JP,EXAMPLE.CO.JP,WIN-WFBHIBE5GXZ$,::1,0
2016-10-06 21:14:02,4769,WIN7_64JP_03$@EXAMPLE.CO.JP,EXAMPLE.CO.JP,WIN7_64JP_03$,::ffff:192.168.16.103,49494
2016-10-06 21:18:09,4769,WIN7_64JP_02$@EXAMPLE.CO.JP,EXAMPLE.CO.JP,WIN7_64JP_02$,::ffff:192.168.16.102,49627
2016-10-06 21:20:40,4769,WIN-WFBHIBE5GXZ$@EXAMPLE.CO.JP,EXAMPLE.CO.JP,WIN-WFBHIBE5GXZ$,::1,0
2016-10-06 21:35:41,4769,WIN-WFBHIBE5GXZ$@EXAMPLE.CO.JP,EXAMPLE.CO.JP,WIN-WFBHIBE5GXZ$,::1,0
2016-10-06 21:48:05,4769,WIN7_64JP_01$@EXAMPLE.CO.JP,EXAMPLE.CO.JP,WIN7_64JP_01$,::ffff:192.168.16.101,50276
2016-10-06 21:50:43,4769,WIN-WFBHIBE5GXZ$@EXAMPLE.CO.JP,EXAMPLE.CO.JP,WIN-WFBHIBE5GXZ$,::1,0
2016-10-06 22:05:44,4769,WIN-WFBHIBE5GXZ$@EXAMPLE.CO.JP,EXAMPLE.CO.JP,WIN-WFBHIBE5GXZ$,::1,0
2016-10-06 22:20:46,4769,WIN-WFBHIBE5GXZ$@EXAMPLE.CO.JP,EXAMPLE.CO.JP,WIN-WFBHIBE5GXZ$,::1,0
2016-10-06 22:23:57,4769,WIN7_64JP_01$@EXAMPLE.CO.JP,EXAMPLE.CO.JP,krbtgt,::ffff:192.168.16.101,50309
2016-10-06 22:35:47,4769,WIN-WFBHIBE5GXZ$@EXAMPLE.CO.JP,EXAMPLE.CO.JP,WIN-WFBHIBE5GXZ$,::1,0
2016-10-06 22:36:01,4769,WIN7_64JP_02$@EXAMPLE.CO.JP,EXAMPLE.CO.JP,krbtgt,::ffff:192.168.16.102,49648
2016-10-06 22:38:57,4769,WIN7_64JP_01$@EXAMPLE.CO.JP,EXAMPLE.CO.JP,WIN-WFBHIBE5GXZ$,::ffff:192.168.16.101,50326
2016-10-06 22:45:57,4769,WIN7_64JP_03$@EXAMPLE.CO.JP,EXAMPLE.CO.JP,krbtgt,::ffff:192.168.16.103,49511
2016-10-06 22:49:11,4769,WIN7_64JP_02$@EXAMPLE.CO.JP,EXAMPLE.CO.JP,WIN7_64JP_02$,::ffff:192.168.16.102,49662
2016-10-06 22:50:48,4769,WIN-WFBHIBE5GXZ$@EXAMPLE.CO.JP,EXAMPLE.CO.JP,WIN-WFBHIBE5GXZ$,::1,0
2016-10-06 22:51:01,4769,WIN7_64JP_02$@EXAMPLE.CO.JP,EXAMPLE.CO.JP,WIN-WFBHIBE5GXZ$,::ffff:192.168.16.102,49665
2016-10-06 23:00:57,4769,WIN7_64JP_03$@EXAMPLE.CO.JP,EXAMPLE.CO.JP,WIN-WFBHIBE5GXZ$,::ffff:192.168.16.103,49513
2016-10-06 23:05:50,4769,WIN-WFBHIBE5GXZ$@EXAMPLE.CO.JP,EXAMPLE.CO.JP,WIN-WFBHIBE5GXZ$,::1,0
2016-10-06 23:09:03,4769,WIN7_64JP_03$@EXAMPLE.CO.JP,EXAMPLE.CO.JP,krbtgt,::ffff:192.168.16.103,49520
2016-10-06 23:09:03,4769,WIN7_64JP_03$@EXAMPLE.CO.JP,EXAMPLE.CO.JP,WIN7_64JP_03$,::ffff:192.168.16.103,49521
2016-10-06 23:20:51,4769,WIN-WFBHIBE5GXZ$@EXAMPLE.CO.JP,EXAMPLE.CO.JP,WIN-WFBHIBE5GXZ$,::1,0
2016-10-06 23:28:06,4769,WIN7_64JP_01$@EXAMPLE.CO.JP,EXAMPLE.CO.JP,WIN-WFBHIBE5GXZ$,::ffff:192.168.16.101,50370
2016-10-06 23:28:06,4769,WIN7_64JP_01$@EXAMPLE.CO.JP,EXAMPLE.CO.JP,WIN7_64JP_01$,::ffff:192.168.16.101,50372
2016-10-06 23:28:06,4769,WIN7_64JP_01$@EXAMPLE.CO.JP,EXAMPLE.CO.JP,WIN7_64JP_01$,::ffff:192.168.16.101,50373
2016-10-06 23:28:06,4769,WIN7_64JP_01$@EXAMPLE.CO.JP,EXAMPLE.CO.JP,WIN-WFBHIBE5GXZ$,::ffff:192.168.16.101,50377
2016-10-06 23:28:06,4769,WIN7_64JP_01$@EXAMPLE.CO.JP,EXAMPLE.CO.JP,krbtgt,::ffff:192.168.16.101,50378
2016-10-06 23:35:53,4769,WIN-WFBHIBE5GXZ$@EXAMPLE.CO.JP,EXAMPLE.CO.JP,WIN-WFBHIBE5GXZ$,::1,0
2016-10-06 23:37:52,4769,WIN-WFBHIBE5GXZ$@EXAMPLE.CO.JP,EXAMPLE.CO.JP,WIN-WFBHIBE5GXZ$,::1,0
2016-10-06 23:37:52,4769,WIN-WFBHIBE5GXZ$@EXAMPLE.CO.JP,EXAMPLE.CO.JP,WIN-WFBHIBE5GXZ$,::1,0
2016-10-06 23:37:52,4769,WIN-WFBHIBE5GXZ$@EXAMPLE.CO.JP,EXAMPLE.CO.JP,WIN-WFBHIBE5GXZ$,::1,0
2016-10-06 23:37:52,4769,WIN-WFBHIBE5GXZ$@EXAMPLE.CO.JP,EXAMPLE.CO.JP,WIN-WFBHIBE5GXZ$,::1,0
2016-10-06 23:50:54,4769,WIN-WFBHIBE5GXZ$@EXAMPLE.CO.JP,EXAMPLE.CO.JP,WIN-WFBHIBE5GXZ$,::1,0
2016-10-07 00:05:56,4769,WIN-WFBHIBE5GXZ$@EXAMPLE.CO.JP,EXAMPLE.CO.JP,WIN-WFBHIBE5GXZ$,::1,0
2016-10-07 00:13:44,4769,yokohama.kanagawa@EXAMPLE.CO.JP,EXAMPLE.CO.JP,WIN-WFBHIBE5GXZ$,::ffff:192.168.16.102,49689
2016-10-07 00:13:45,4769,yokohama.kanagawa@EXAMPLE.CO.JP,EXAMPLE.CO.JP,WIN-WFBHIBE5GXZ$,::ffff:192.168.16.102,49692
2016-10-07 00:13:45,4769,yokohama.kanagawa@EXAMPLE.CO.JP,EXAMPLE.CO.JP,WIN-WFBHIBE5GXZ$,::ffff:192.168.16.102,49695
2016-10-07 00:13:45,4769,yokohama.kanagawa@EXAMPLE.CO.JP,EXAMPLE.CO.JP,krbtgt,::ffff:192.168.16.102,49696
2016-10-07 00:14:37,4769,urayasu.chiba@EXAMPLE.CO.JP,EXAMPLE.CO.JP,WIN-WFBHIBE5GXZ$,::ffff:192.168.16.103,49530
2016-10-07 00:14:45,4769,urayasu.chiba@EXAMPLE.CO.JP,EXAMPLE.CO.JP,WIN-WFBHIBE5GXZ$,::ffff:192.168.16.103,49533
2016-10-07 00:14:45,4769,urayasu.chiba@EXAMPLE.CO.JP,EXAMPLE.CO.JP,WIN-WFBHIBE5GXZ$,::ffff:192.168.16.103,49536
2016-10-07 00:14:45,4769,urayasu.chiba@EXAMPLE.CO.JP,EXAMPLE.CO.JP,krbtgt,::ffff:192.168.16.103,49537
2016-10-07 00:20:57,4769,WIN-WFBHIBE5GXZ$@EXAMPLE.CO.JP,EXAMPLE.CO.JP,WIN-WFBHIBE5GXZ$,::1,0
2016-10-07 00:24:06,4769,WIN-WFBHIBE5GXZ$@EXAMPLE.CO.JP,EXAMPLE.CO.JP,krbtgt,::1,0
2016-10-07 00:26:30,4769,chiyoda.tokyo@EXAMPLE.CO.JP,EXAMPLE.CO.JP,WIN-WFBHIBE5GXZ$,::ffff:192.168.16.101,50423
2016-10-07 00:26:30,4769,chiyoda.tokyo@EXAMPLE.CO.JP,EXAMPLE.CO.JP,WIN-WFBHIBE5GXZ$,::ffff:192.168.16.101,50425
2016-10-07 00:26:30,4769,chiyoda.tokyo@EXAMPLE.CO.JP,EXAMPLE.CO.JP,WIN-WFBHIBE5GXZ$,::ffff:192.168.16.101,50428
2016-10-07 00:26:30,4769,chiyoda.tokyo@EXAMPLE.CO.JP,EXAMPLE.CO.JP,krbtgt,::ffff:192.168.16.101,50429
2016-10-07 00:35:58,4769,WIN-WFBHIBE5GXZ$@EXAMPLE.CO.JP,EXAMPLE.CO.JP,WIN-WFBHIBE5GXZ$,::1,0
2016-10-07 00:38:11,4769,WIN7_64JP_02$@EXAMPLE.CO.JP,EXAMPLE.CO.JP,WIN-WFBHIBE5GXZ$,::ffff:192.168.16.102,49705
2016-10-07 00:38:12,4769,WIN7_64JP_02$@EXAMPLE.CO.JP,EXAMPLE.CO.JP,WIN7_64JP_02$,::ffff:192.168.16.102,49707
2016-10-07 00:38:12,4769,WIN7_64JP_02$@EXAMPLE.CO.JP,EXAMPLE.CO.JP,WIN7_64JP_02$,::ffff:192.168.16.102,49709
2016-10-07 00:38:12,4769,WIN7_64JP_02$@EXAMPLE.CO.JP,EXAMPLE.CO.JP,WIN-WFBHIBE5GXZ$,::ffff:192.168.16.102,49712
2016-10-07 00:38:12,4769,WIN7_64JP_02$@EXAMPLE.CO.JP,EXAMPLE.CO.JP,krbtgt,::ffff:192.168.16.102,49713
2016-10-07 00:40:59,4769,WIN-WFBHIBE5GXZ$@EXAMPLE.CO.JP,EXAMPLE.CO.JP,WIN-WFBHIBE5GXZ$,::1,0
2016-10-07 00:44:03,4769,WIN-WFBHIBE5GXZ$@EXAMPLE.CO.JP,EXAMPLE.CO.JP,WIN-WFBHIBE5GXZ$,::1,0
2016-10-07 00:44:03,4769,WIN-WFBHIBE5GXZ$@EXAMPLE.CO.JP,EXAMPLE.CO.JP,WIN-WFBHIBE5GXZ$,::1,0
2016-10-07 00:44:03,4769,WIN-WFBHIBE5GXZ$@EXAMPLE.CO.JP,EXAMPLE.CO.JP,WIN-WFBHIBE5GXZ$,::1,0
2016-10-07 00:51:00,4769,WIN-WFBHIBE5GXZ$@EXAMPLE.CO.JP,EXAMPLE.CO.JP,WIN-WFBHIBE5GXZ$,::1,0
2016-10-07 01:04:21,4769,WIN-WFBHIBE5GXZ$@EXAMPLE.CO.JP,EXAMPLE.CO.JP,WIN-WFBHIBE5GXZ$,::1,0
2016-10-07 01:05:04,4769,WIN7_64JP_03$@EXAMPLE.CO.JP,EXAMPLE.CO.JP,WIN-WFBHIBE5GXZ$,::ffff:192.168.16.103,49544
2016-10-07 01:05:04,4769,WIN7_64JP_03$@EXAMPLE.CO.JP,EXAMPLE.CO.JP,WIN7_64JP_03$,::ffff:192.168.16.103,49546
2016-10-07 01:05:04,4769,WIN7_64JP_03$@EXAMPLE.CO.JP,EXAMPLE.CO.JP,WIN7_64JP_03$,::ffff:192.168.16.103,49547
2016-10-07 01:05:05,4769,WIN7_64JP_03$@EXAMPLE.CO.JP,EXAMPLE.CO.JP,WIN-WFBHIBE5GXZ$,::ffff:192.168.16.103,49551
2016-10-07 01:06:01,4769,WIN-WFBHIBE5GXZ$@EXAMPLE.CO.JP,EXAMPLE.CO.JP,WIN-WFBHIBE5GXZ$,::1,0
2016-10-07 01:08:07,4769,WIN7_64JP_01$@EXAMPLE.CO.JP,EXAMPLE.CO.JP,WIN7_64JP_01$,::ffff:192.168.16.101,50473
2016-10-07 01:21:03,4769,WIN-WFBHIBE5GXZ$@EXAMPLE.CO.JP,EXAMPLE.CO.JP,WIN-WFBHIBE5GXZ$,::1,0
2016-10-07 01:36:04,4769,WIN-WFBHIBE5GXZ$@EXAMPLE.CO.JP,EXAMPLE.CO.JP,WIN-WFBHIBE5GXZ$,::1,0
2016-10-07 01:51:06,4769,WIN-WFBHIBE5GXZ$@EXAMPLE.CO.JP,EXAMPLE.CO.JP,WIN-WFBHIBE5GXZ$,::1,0
2016-10-07 02:06:07,4769,WIN-WFBHIBE5GXZ$@EXAMPLE.CO.JP,EXAMPLE.CO.JP,WIN-WFBHIBE5GXZ$,::1,0
2016-10-07 02:21:08,4769,WIN-WFBHIBE5GXZ$@EXAMPLE.CO.JP,EXAMPLE.CO.JP,WIN-WFBHIBE5GXZ$,::1,0
2016-10-07 02:32:33,4769,Administrator@EXAMPLE.CO.JP,EXAMPLE.CO.JP,WIN-WFBHIBE5GXZ$,::1,0
2016-10-07 02:36:10,4769,WIN-WFBHIBE5GXZ$@EXAMPLE.CO.JP,EXAMPLE.CO.JP,WIN-WFBHIBE5GXZ$,::1,0
2016-10-07 02:37:13,4769,WIN7_64JP_02$@EXAMPLE.CO.JP,EXAMPLE.CO.JP,WIN7_64JP_02$,::ffff:192.168.16.102,49753
2016-10-07 02:45:06,4769,WIN7_64JP_03$@EXAMPLE.CO.JP,EXAMPLE.CO.JP,WIN7_64JP_03$,::ffff:192.168.16.103,49570
2016-10-07 02:48:09,4769,WIN7_64JP_01$@EXAMPLE.CO.JP,EXAMPLE.CO.JP,WIN7_64JP_01$,::ffff:192.168.16.101,50637
2016-10-07 02:51:11,4769,WIN-WFBHIBE5GXZ$@EXAMPLE.CO.JP,EXAMPLE.CO.JP,WIN-WFBHIBE5GXZ$,::1,0
2016-10-07 03:06:13,4769,WIN-WFBHIBE5GXZ$@EXAMPLE.CO.JP,EXAMPLE.CO.JP,WIN-WFBHIBE5GXZ$,::1,0
2016-10-07 03:21:14,4769,WIN-WFBHIBE5GXZ$@EXAMPLE.CO.JP,EXAMPLE.CO.JP,WIN-WFBHIBE5GXZ$,::1,0
2016-10-07 03:23:59,4769,WIN7_64JP_01$@EXAMPLE.CO.JP,EXAMPLE.CO.JP,WIN7_64JP_01$,::ffff:192.168.16.101,50838
2016-10-07 03:23:59,4769,WIN7_64JP_01$@EXAMPLE.CO.JP,EXAMPLE.CO.JP,WIN7_64JP_01$,::ffff:192.168.16.101,50839
2016-10-07 03:36:04,4769,WIN7_64JP_02$@EXAMPLE.CO.JP,EXAMPLE.CO.JP,WIN7_64JP_02$,::ffff:192.168.16.102,49773
2016-10-07 03:36:04,4769,WIN7_64JP_02$@EXAMPLE.CO.JP,EXAMPLE.CO.JP,WIN7_64JP_02$,::ffff:192.168.16.102,49774
2016-10-07 03:36:16,4769,WIN-WFBHIBE5GXZ$@EXAMPLE.CO.JP,EXAMPLE.CO.JP,WIN-WFBHIBE5GXZ$,::1,0
2016-10-07 03:45:59,4769,WIN7_64JP_03$@EXAMPLE.CO.JP,EXAMPLE.CO.JP,WIN7_64JP_03$,::ffff:192.168.16.103,49581
2016-10-07 03:45:59,4769,WIN7_64JP_03$@EXAMPLE.CO.JP,EXAMPLE.CO.JP,WIN7_64JP_03$,::ffff:192.168.16.103,49582
2016-10-07 03:51:17,4769,WIN-WFBHIBE5GXZ$@EXAMPLE.CO.JP,EXAMPLE.CO.JP,WIN-WFBHIBE5GXZ$,::1,0
2016-10-07 03:59:44,4769,chiyoda.tokyo@EXAMPLE.CO.JP,EXAMPLE.CO.JP,krbtgt,::ffff:192.168.16.101,51014
2016-10-07 04:02:16,4769,chiyoda.tokyo@EXAMPLE.CO.JP,EXAMPLE.CO.JP,WIN-WFBHIBE5GXZ$,::ffff:192.168.16.101,51017
2016-10-07 04:02:16,4769,chiyoda.tokyo@EXAMPLE.CO.JP,EXAMPLE.CO.JP,krbtgt,::ffff:192.168.16.101,51018
2016-10-07 04:02:30,4769,Administrator@EXAMPLE.CO.JP,EXAMPLE.CO.JP,WIN-WFBHIBE5GXZ$,::1,0
2016-10-07 04:06:18,4769,WIN-WFBHIBE5GXZ$@EXAMPLE.CO.JP,EXAMPLE.CO.JP,WIN-WFBHIBE5GXZ$,::1,0
2016-10-07 04:21:20,4769,WIN-WFBHIBE5GXZ$@EXAMPLE.CO.JP,EXAMPLE.CO.JP,WIN-WFBHIBE5GXZ$,::1,0
2016-10-07 04:21:43,4769,Administrator@EXAMPLE.CO.JP,EXAMPLE.CO.JP,WIN-WFBHIBE5GXZ$,::1,0
2016-10-07 04:25:07,4769,WIN7_64JP_03$@EXAMPLE.CO.JP,EXAMPLE.CO.JP,WIN7_64JP_03$,::ffff:192.168.16.103,49613
2016-10-07 04:25:14,4769,WIN7_64JP_02$@EXAMPLE.CO.JP,EXAMPLE.CO.JP,WIN7_64JP_02$,::ffff:192.168.16.102,49821
2016-10-07 04:28:10,4769,WIN7_64JP_01$@EXAMPLE.CO.JP,EXAMPLE.CO.JP,WIN7_64JP_01$,::ffff:192.168.16.101,51084
2016-10-07 04:36:21,4769,WIN-WFBHIBE5GXZ$@EXAMPLE.CO.JP,EXAMPLE.CO.JP,WIN-WFBHIBE5GXZ$,::1,0
2016-10-07 04:51:23,4769,WIN-WFBHIBE5GXZ$@EXAMPLE.CO.JP,EXAMPLE.CO.JP,WIN-WFBHIBE5GXZ$,::1,0
2016-10-07 05:06:24,4769,WIN-WFBHIBE5GXZ$@EXAMPLE.CO.JP,EXAMPLE.CO.JP,WIN-WFBHIBE5GXZ$,::1,0
2016-10-07 05:21:25,4769,WIN-WFBHIBE5GXZ$@EXAMPLE.CO.JP,EXAMPLE.CO.JP,WIN-WFBHIBE5GXZ$,::1,0
2016-10-07 05:33:34,4769,chiyoda.tokyo@EXAMPLE.CO.JP,EXAMPLE.CO.JP,WIN-WFBHIBE5GXZ$,::ffff:192.168.16.101,51279
2016-10-07 05:33:34,4769,chiyoda.tokyo@EXAMPLE.CO.JP,EXAMPLE.CO.JP,WIN-WFBHIBE5GXZ$,::ffff:192.168.16.101,51282
2016-10-07 05:36:27,4769,WIN-WFBHIBE5GXZ$@EXAMPLE.CO.JP,EXAMPLE.CO.JP,WIN-WFBHIBE5GXZ$,::1,0
2016-10-07 05:51:28,4769,WIN-WFBHIBE5GXZ$@EXAMPLE.CO.JP,EXAMPLE.CO.JP,WIN-WFBHIBE5GXZ$,::1,0
2016-10-07 06:06:08,4769,WIN7_64JP_03$@EXAMPLE.CO.JP,EXAMPLE.CO.JP,WIN7_64JP_03$,::ffff:192.168.16.103,49776
2016-10-07 06:06:30,4769,WIN-WFBHIBE5GXZ$@EXAMPLE.CO.JP,EXAMPLE.CO.JP,WIN-WFBHIBE5GXZ$,::1,0
2016-10-07 06:13:15,4769,WIN7_64JP_02$@EXAMPLE.CO.JP,EXAMPLE.CO.JP,WIN7_64JP_02$,::ffff:192.168.16.102,50074
2016-10-07 06:18:30,4769,WIN-WFBHIBE5GXZ$@EXAMPLE.CO.JP,EXAMPLE.CO.JP,krbtgt,::1,0
2016-10-07 06:21:31,4769,WIN-WFBHIBE5GXZ$@EXAMPLE.CO.JP,EXAMPLE.CO.JP,WIN-WFBHIBE5GXZ$,::1,0
2016-10-07 06:24:11,4769,WIN7_64JP_01$@EXAMPLE.CO.JP,EXAMPLE.CO.JP,WIN7_64JP_01$,::ffff:192.168.16.101,51444
2016-10-07 06:31:32,4769,WIN-WFBHIBE5GXZ$@EXAMPLE.CO.JP,EXAMPLE.CO.JP,WIN-WFBHIBE5GXZ$,::1,0
2016-10-07 06:33:42,4769,WIN-WFBHIBE5GXZ$@EXAMPLE.CO.JP,EXAMPLE.CO.JP,WIN-WFBHIBE5GXZ$,::1,0
2016-10-07 06:33:42,4769,WIN-WFBHIBE5GXZ$@EXAMPLE.CO.JP,EXAMPLE.CO.JP,WIN-WFBHIBE5GXZ$,::1,0
2016-10-07 06:33:42,4769,WIN-WFBHIBE5GXZ$@EXAMPLE.CO.JP,EXAMPLE.CO.JP,WIN-WFBHIBE5GXZ$,::1,0
2016-10-07 06:36:33,4769,WIN-WFBHIBE5GXZ$@EXAMPLE.CO.JP,EXAMPLE.CO.JP,WIN-WFBHIBE5GXZ$,::1,0
2016-10-07 06:51:34,4769,WIN-WFBHIBE5GXZ$@EXAMPLE.CO.JP,EXAMPLE.CO.JP,WIN-WFBHIBE5GXZ$,::1,0
2016-10-07 07:04:22,4769,WIN-WFBHIBE5GXZ$@EXAMPLE.CO.JP,EXAMPLE.CO.JP,WIN-WFBHIBE5GXZ$,::1,0
2016-10-07 07:06:35,4769,WIN-WFBHIBE5GXZ$@EXAMPLE.CO.JP,EXAMPLE.CO.JP,WIN-WFBHIBE5GXZ$,::1,0
2016-10-07 07:21:37,4769,WIN-WFBHIBE5GXZ$@EXAMPLE.CO.JP,EXAMPLE.CO.JP,WIN-WFBHIBE5GXZ$,::1,0
2016-10-07 07:36:38,4769,WIN-WFBHIBE5GXZ$@EXAMPLE.CO.JP,EXAMPLE.CO.JP,WIN-WFBHIBE5GXZ$,::1,0
2016-10-07 07:37:52,4769,WIN-WFBHIBE5GXZ$@EXAMPLE.CO.JP,EXAMPLE.CO.JP,WIN-WFBHIBE5GXZ$,::1,0
2016-10-07 07:37:52,4769,WIN-WFBHIBE5GXZ$@EXAMPLE.CO.JP,EXAMPLE.CO.JP,WIN-WFBHIBE5GXZ$,::1,0
2016-10-07 07:37:52,4769,WIN-WFBHIBE5GXZ$@EXAMPLE.CO.JP,EXAMPLE.CO.JP,WIN-WFBHIBE5GXZ$,::1,0
2016-10-07 07:37:52,4769,WIN-WFBHIBE5GXZ$@EXAMPLE.CO.JP,EXAMPLE.CO.JP,WIN-WFBHIBE5GXZ$,::1,0
2016-10-07 07:45:09,4769,WIN7_64JP_03$@EXAMPLE.CO.JP,EXAMPLE.CO.JP,WIN7_64JP_03$,::ffff:192.168.16.103,49991
2016-10-07 07:49:13,4769,WIN-WFBHIBE5GXZ$@EXAMPLE.CO.JP,EXAMPLE.CO.JP,WIN-WFBHIBE5GXZ$,::1,0
2016-10-07 07:49:13,4769,WIN-WFBHIBE5GXZ$@EXAMPLE.CO.JP,EXAMPLE.CO.JP,krbtgt,::1,0
2016-10-07 07:51:40,4769,WIN-WFBHIBE5GXZ$@EXAMPLE.CO.JP,EXAMPLE.CO.JP,WIN-WFBHIBE5GXZ$,::1,0
2016-10-07 07:53:58,4769,WIN7_64JP_01$@EXAMPLE.CO.JP,EXAMPLE.CO.JP,krbtgt,::ffff:192.168.16.101,51717
2016-10-07 08:00:16,4769,WIN7_64JP_02$@EXAMPLE.CO.JP,EXAMPLE.CO.JP,WIN7_64JP_02$,::ffff:192.168.16.102,50346
2016-10-07 08:05:12,4769,WIN7_64JP_01$@EXAMPLE.CO.JP,EXAMPLE.CO.JP,WIN7_64JP_01$,::ffff:192.168.16.101,51752
2016-10-07 08:06:02,4769,WIN7_64JP_02$@EXAMPLE.CO.JP,EXAMPLE.CO.JP,krbtgt,::ffff:192.168.16.102,50368
2016-10-07 08:06:44,4769,WIN-WFBHIBE5GXZ$@EXAMPLE.CO.JP,EXAMPLE.CO.JP,WIN-WFBHIBE5GXZ$,::1,0
2016-10-07 08:08:58,4769,WIN7_64JP_01$@EXAMPLE.CO.JP,EXAMPLE.CO.JP,WIN-WFBHIBE5GXZ$,::ffff:192.168.16.101,51773
2016-10-07 08:15:58,4769,WIN7_64JP_03$@EXAMPLE.CO.JP,EXAMPLE.CO.JP,krbtgt,::ffff:192.168.16.103,50070
2016-10-07 08:21:02,4769,WIN7_64JP_02$@EXAMPLE.CO.JP,EXAMPLE.CO.JP,WIN-WFBHIBE5GXZ$,::ffff:192.168.16.102,50399
2016-10-07 08:21:46,4769,WIN-WFBHIBE5GXZ$@EXAMPLE.CO.JP,EXAMPLE.CO.JP,WIN-WFBHIBE5GXZ$,::1,0
2016-10-07 08:30:58,4769,WIN7_64JP_03$@EXAMPLE.CO.JP,EXAMPLE.CO.JP,WIN-WFBHIBE5GXZ$,::ffff:192.168.16.103,50099
2016-10-07 08:36:47,4769,WIN-WFBHIBE5GXZ$@EXAMPLE.CO.JP,EXAMPLE.CO.JP,WIN-WFBHIBE5GXZ$,::1,0
2016-10-07 08:51:48,4769,WIN-WFBHIBE5GXZ$@EXAMPLE.CO.JP,EXAMPLE.CO.JP,WIN-WFBHIBE5GXZ$,::1,0
2016-10-07 09:06:50,4769,WIN-WFBHIBE5GXZ$@EXAMPLE.CO.JP,EXAMPLE.CO.JP,WIN-WFBHIBE5GXZ$,::1,0
2016-10-07 09:21:51,4769,WIN-WFBHIBE5GXZ$@EXAMPLE.CO.JP,EXAMPLE.CO.JP,WIN-WFBHIBE5GXZ$,::1,0
2016-10-07 09:26:10,4769,WIN7_64JP_03$@EXAMPLE.CO.JP,EXAMPLE.CO.JP,WIN-WFBHIBE5GXZ$,::ffff:192.168.16.103,50237
2016-10-07 09:26:10,4769,WIN7_64JP_03$@EXAMPLE.CO.JP,EXAMPLE.CO.JP,WIN7_64JP_03$,::ffff:192.168.16.103,50239
2016-10-07 09:26:10,4769,WIN7_64JP_03$@EXAMPLE.CO.JP,EXAMPLE.CO.JP,WIN7_64JP_03$,::ffff:192.168.16.103,50240
2016-10-07 09:26:10,4769,WIN7_64JP_03$@EXAMPLE.CO.JP,EXAMPLE.CO.JP,WIN-WFBHIBE5GXZ$,::ffff:192.168.16.103,50244
2016-10-07 09:26:10,4769,WIN7_64JP_03$@EXAMPLE.CO.JP,EXAMPLE.CO.JP,krbtgt,::ffff:192.168.16.103,50245
2016-10-07 09:35:17,4769,WIN7_64JP_02$@EXAMPLE.CO.JP,EXAMPLE.CO.JP,WIN-WFBHIBE5GXZ$,::ffff:192.168.16.102,50581
2016-10-07 09:35:17,4769,WIN7_64JP_02$@EXAMPLE.CO.JP,EXAMPLE.CO.JP,WIN7_64JP_02$,::ffff:192.168.16.102,50583
2016-10-07 09:35:18,4769,WIN7_64JP_02$@EXAMPLE.CO.JP,EXAMPLE.CO.JP,WIN7_64JP_02$,::ffff:192.168.16.102,50584
2016-10-07 09:35:18,4769,WIN7_64JP_02$@EXAMPLE.CO.JP,EXAMPLE.CO.JP,WIN-WFBHIBE5GXZ$,::ffff:192.168.16.102,50588
2016-10-07 09:35:18,4769,WIN7_64JP_02$@EXAMPLE.CO.JP,EXAMPLE.CO.JP,krbtgt,::ffff:192.168.16.102,50589
2016-10-07 09:36:53,4769,WIN-WFBHIBE5GXZ$@EXAMPLE.CO.JP,EXAMPLE.CO.JP,WIN-WFBHIBE5GXZ$,::1,0
2016-10-07 09:44:13,4769,WIN7_64JP_01$@EXAMPLE.CO.JP,EXAMPLE.CO.JP,WIN-WFBHIBE5GXZ$,::ffff:192.168.16.101,52058
2016-10-07 09:44:13,4769,WIN7_64JP_01$@EXAMPLE.CO.JP,EXAMPLE.CO.JP,WIN7_64JP_01$,::ffff:192.168.16.101,52060
2016-10-07 09:44:13,4769,WIN7_64JP_01$@EXAMPLE.CO.JP,EXAMPLE.CO.JP,WIN7_64JP_01$,::ffff:192.168.16.101,52061
2016-10-07 09:44:13,4769,WIN7_64JP_01$@EXAMPLE.CO.JP,EXAMPLE.CO.JP,WIN-WFBHIBE5GXZ$,::ffff:192.168.16.101,52065
2016-10-07 09:44:13,4769,WIN7_64JP_01$@EXAMPLE.CO.JP,EXAMPLE.CO.JP,krbtgt,::ffff:192.168.16.101,52066
2016-10-07 09:51:54,4769,WIN-WFBHIBE5GXZ$@EXAMPLE.CO.JP,EXAMPLE.CO.JP,WIN-WFBHIBE5GXZ$,::1,0
2016-10-07 10:06:55,4769,WIN-WFBHIBE5GXZ$@EXAMPLE.CO.JP,EXAMPLE.CO.JP,WIN-WFBHIBE5GXZ$,::1,0
2016-10-07 10:16:52,4769,yokohama.kanagawa@EXAMPLE.CO.JP,EXAMPLE.CO.JP,WIN-WFBHIBE5GXZ$,::ffff:192.168.16.102,50703
2016-10-07 10:16:54,4769,yokohama.kanagawa@EXAMPLE.CO.JP,EXAMPLE.CO.JP,WIN-WFBHIBE5GXZ$,::ffff:192.168.16.102,50706
2016-10-07 10:16:54,4769,yokohama.kanagawa@EXAMPLE.CO.JP,EXAMPLE.CO.JP,WIN-WFBHIBE5GXZ$,::ffff:192.168.16.102,50709
2016-10-07 10:16:54,4769,yokohama.kanagawa@EXAMPLE.CO.JP,EXAMPLE.CO.JP,krbtgt,::ffff:192.168.16.102,50710
2016-10-07 10:21:57,4769,WIN-WFBHIBE5GXZ$@EXAMPLE.CO.JP,EXAMPLE.CO.JP,WIN-WFBHIBE5GXZ$,::1,0
2016-10-07 10:25:52,4769,urayasu.chiba@EXAMPLE.CO.JP,EXAMPLE.CO.JP,WIN-WFBHIBE5GXZ$,::ffff:192.168.16.103,50377
2016-10-07 10:26:00,4769,urayasu.chiba@EXAMPLE.CO.JP,EXAMPLE.CO.JP,WIN-WFBHIBE5GXZ$,::ffff:192.168.16.103,50380
2016-10-07 10:26:00,4769,urayasu.chiba@EXAMPLE.CO.JP,EXAMPLE.CO.JP,WIN-WFBHIBE5GXZ$,::ffff:192.168.16.103,50383
2016-10-07 10:26:00,4769,urayasu.chiba@EXAMPLE.CO.JP,EXAMPLE.CO.JP,krbtgt,::ffff:192.168.16.103,50384
2016-10-07 10:36:58,4769,WIN-WFBHIBE5GXZ$@EXAMPLE.CO.JP,EXAMPLE.CO.JP,WIN-WFBHIBE5GXZ$,::1,0
2016-10-07 10:52:00,4769,WIN-WFBHIBE5GXZ$@EXAMPLE.CO.JP,EXAMPLE.CO.JP,WIN-WFBHIBE5GXZ$,::1,0
2016-10-07 11:07:01,4769,WIN-WFBHIBE5GXZ$@EXAMPLE.CO.JP,EXAMPLE.CO.JP,WIN-WFBHIBE5GXZ$,::1,0
2016-10-07 11:09:19,4769,WIN7_64JP_02$@EXAMPLE.CO.JP,EXAMPLE.CO.JP,WIN7_64JP_02$,::ffff:192.168.16.102,50845
2016-10-07 11:20:12,4769,WIN7_64JP_03$@EXAMPLE.CO.JP,EXAMPLE.CO.JP,WIN7_64JP_03$,::ffff:192.168.16.103,50508
2016-10-07 11:22:03,4769,WIN-WFBHIBE5GXZ$@EXAMPLE.CO.JP,EXAMPLE.CO.JP,WIN-WFBHIBE5GXZ$,::1,0
2016-10-07 11:24:01,4769,WIN7_64JP_01$@EXAMPLE.CO.JP,EXAMPLE.CO.JP,WIN7_64JP_01$,::ffff:192.168.16.101,52381
2016-10-07 11:24:01,4769,WIN7_64JP_01$@EXAMPLE.CO.JP,EXAMPLE.CO.JP,WIN7_64JP_01$,::ffff:192.168.16.101,52382
2016-10-07 11:27:27,4769,Administrator@EXAMPLE.CO.JP,EXAMPLE.CO.JP,WIN-WFBHIBE5GXZ$,::1,0
2016-10-07 11:36:05,4769,WIN7_64JP_02$@EXAMPLE.CO.JP,EXAMPLE.CO.JP,WIN7_64JP_02$,::ffff:192.168.16.102,50905
2016-10-07 11:36:05,4769,WIN7_64JP_02$@EXAMPLE.CO.JP,EXAMPLE.CO.JP,WIN7_64JP_02$,::ffff:192.168.16.102,50906
2016-10-07 11:37:04,4769,WIN-WFBHIBE5GXZ$@EXAMPLE.CO.JP,EXAMPLE.CO.JP,WIN-WFBHIBE5GXZ$,::1,0
