TimeGenerated,EventID,ServiceName,ChangedFrom,ChangedTo
2018-11-20 08:02:25,7040,Background Intelligent Transfer Service,demand start,auto start
2018-11-20 08:08:19,7040,Background Intelligent Transfer Service,auto start,demand start
2018-11-20 08:09:33,7040,Remote Access IP ARP Driver,demand start,auto start
2018-11-20 14:50:52,7040,Microsoft Passport Container,demand start,disabled
2018-11-20 14:50:52,7040,Microsoft Passport Container,disabled,demand start
2018-11-20 14:50:55,7040,Background Intelligent Transfer Service,demand start,auto start
2018-11-20 14:52:58,7040,Background Intelligent Transfer Service,auto start,demand start
2018-11-20 14:55:07,7040,Windows Modules Installer,demand start,auto start
2018-11-20 14:55:08,7040,Windows Modules Installer,auto start,demand start
2018-11-20 14:55:57,7040,Windows Modules Installer,demand start,auto start
2018-11-20 14:56:33,7040,Windows Modules Installer,auto start,demand start
2018-11-20 14:57:00,7040,Windows Modules Installer,demand start,auto start
2018-11-20 14:57:13,7040,Windows Modules Installer,auto start,demand start
2018-11-20 14:57:14,7040,Windows Modules Installer,demand start,auto start
2018-11-20 14:57:20,7040,Windows Modules Installer,auto start,demand start
2018-11-20 14:57:47,7040,Windows Modules Installer,demand start,auto start
2018-11-20 15:13:00,7040,Windows Modules Installer,auto start,demand start
2018-11-20 15:13:10,7040,Background Intelligent Transfer Service,demand start,auto start
2018-11-20 15:45:49,7040,Background Intelligent Transfer Service,auto start,demand start
2018-11-20 19:11:40,7040,Background Intelligent Transfer Service,demand start,auto start
2018-11-20 19:13:42,7040,Background Intelligent Transfer Service,auto start,demand start
2018-11-20 19:23:45,7040,Background Intelligent Transfer Service,demand start,auto start
2018-11-20 19:27:50,7040,Background Intelligent Transfer Service,auto start,demand start
2018-11-26 04:00:41,7040,Background Intelligent Transfer Service,demand start,auto start
2018-11-26 04:01:11,7040,Windows Modules Installer,demand start,auto start
2018-11-26 04:01:11,7040,Windows Modules Installer,auto start,demand start
2018-11-27 23:02:52,7040,Windows Modules Installer,demand start,auto start
2018-11-27 23:02:52,7040,Windows Modules Installer,auto start,demand start
2018-11-27 23:07:24,7040,Background Intelligent Transfer Service,auto start,demand start
2018-11-27 23:57:25,7040,Background Intelligent Transfer Service,demand start,auto start
2018-11-28 00:01:29,7040,Background Intelligent Transfer Service,auto start,demand start
2018-11-28 06:51:37,7040,Background Intelligent Transfer Service,demand start,auto start
2018-11-28 06:54:09,7040,Windows Modules Installer,demand start,auto start
2018-11-28 06:56:05,7040,Windows Modules Installer,auto start,demand start
2018-11-28 07:00:56,7040,Background Intelligent Transfer Service,auto start,demand start
2018-11-28 07:11:07,7040,Background Intelligent Transfer Service,demand start,auto start
2018-11-28 07:11:08,7040,Windows Modules Installer,demand start,auto start
2018-11-28 07:12:57,7040,Windows Modules Installer,auto start,demand start
2018-11-28 07:12:57,7040,Windows Modules Installer,demand start,auto start
2018-11-28 07:13:16,7040,Background Intelligent Transfer Service,auto start,demand start
2018-11-28 07:17:49,7040,Windows Modules Installer,auto start,demand start
2018-11-29 00:57:57,7040,Windows Modules Installer,demand start,auto start
2018-11-29 00:57:57,7040,Windows Modules Installer,auto start,demand start
2018-11-29 03:03:20,7040,Background Intelligent Transfer Service,demand start,auto start
2018-11-29 03:05:24,7040,Background Intelligent Transfer Service,auto start,demand start
2018-11-29 19:41:54,7040,Background Intelligent Transfer Service,demand start,auto start
2018-11-29 19:51:58,7040,Background Intelligent Transfer Service,auto start,demand start
2018-11-30 01:41:09,7040,Windows Modules Installer,demand start,auto start
2018-11-30 01:41:09,7040,Windows Modules Installer,auto start,demand start
2018-11-30 05:41:44,7040,Background Intelligent Transfer Service,demand start,auto start
2018-11-30 05:43:48,7040,Background Intelligent Transfer Service,auto start,demand start
2018-11-30 15:41:50,7040,Background Intelligent Transfer Service,demand start,auto start
2018-11-30 15:51:56,7040,Background Intelligent Transfer Service,auto start,demand start
2018-11-30 20:33:55,7040,Background Intelligent Transfer Service,demand start,auto start
2018-11-30 20:36:30,7040,Background Intelligent Transfer Service,auto start,demand start
2018-11-30 21:48:25,7040,Background Intelligent Transfer Service,demand start,auto start
2018-11-30 21:50:27,7040,Background Intelligent Transfer Service,auto start,demand start
2018-12-01 02:45:42,7040,Windows Modules Installer,demand start,auto start
2018-12-01 02:45:42,7040,Windows Modules Installer,auto start,demand start
2018-12-01 03:49:01,7040,Background Intelligent Transfer Service,demand start,auto start
2018-12-01 03:51:05,7040,Background Intelligent Transfer Service,auto start,demand start
2018-12-01 15:26:56,7040,Background Intelligent Transfer Service,demand start,auto start
2018-12-01 15:37:00,7040,Background Intelligent Transfer Service,auto start,demand start
2018-12-01 21:48:25,7040,Background Intelligent Transfer Service,demand start,auto start
2018-12-01 21:50:28,7040,Background Intelligent Transfer Service,auto start,demand start
2018-12-03 05:52:09,7040,Background Intelligent Transfer Service,demand start,auto start
2018-12-03 05:52:13,7040,Windows Modules Installer,demand start,auto start
2018-12-03 05:52:14,7040,Windows Modules Installer,auto start,demand start
2018-12-03 06:02:15,7040,Background Intelligent Transfer Service,auto start,demand start
2018-12-03 09:28:15,7040,Background Intelligent Transfer Service,demand start,auto start
2018-12-03 09:30:18,7040,Background Intelligent Transfer Service,auto start,demand start
2018-12-04 05:18:00,7040,Background Intelligent Transfer Service,demand start,auto start
2018-12-04 05:20:04,7040,Background Intelligent Transfer Service,auto start,demand start
2018-12-04 07:02:01,7040,Windows Modules Installer,demand start,auto start
2018-12-04 07:02:01,7040,Windows Modules Installer,auto start,demand start
2018-12-04 08:26:36,7040,Windows Modules Installer,demand start,auto start
2018-12-04 08:26:36,7040,Windows Modules Installer,auto start,demand start
2018-12-04 19:11:33,7040,Background Intelligent Transfer Service,demand start,auto start
2018-12-04 19:13:35,7040,Background Intelligent Transfer Service,auto start,demand start
2018-12-04 20:31:51,7040,Background Intelligent Transfer Service,demand start,auto start
2018-12-04 20:33:54,7040,Background Intelligent Transfer Service,auto start,demand start
2018-12-05 01:38:10,7040,Windows Remote Management (WS-Management),demand start,auto start
2018-12-05 01:45:15,7040,Background Intelligent Transfer Service,demand start,auto start
2018-12-05 01:47:25,7040,Background Intelligent Transfer Service,auto start,demand start
2018-12-05 03:21:47,7040,Background Intelligent Transfer Service,demand start,auto start
2018-12-05 03:23:50,7040,Background Intelligent Transfer Service,auto start,demand start
2018-12-05 08:51:58,7040,Windows Modules Installer,demand start,auto start
2018-12-05 08:52:11,7040,Windows Modules Installer,auto start,demand start
2018-12-05 08:52:11,7040,Windows Modules Installer,demand start,auto start
2018-12-05 08:52:11,7040,Windows Modules Installer,auto start,demand start
2018-12-05 08:52:13,7040,Windows Modules Installer,demand start,auto start
2018-12-05 08:52:52,7040,Windows Modules Installer,auto start,demand start
2018-12-05 11:53:04,7040,Background Intelligent Transfer Service,demand start,auto start
2018-12-05 11:55:05,7040,Background Intelligent Transfer Service,auto start,demand start
2018-12-05 22:52:51,7040,Background Intelligent Transfer Service,demand start,auto start
2018-12-05 23:02:55,7040,Background Intelligent Transfer Service,auto start,demand start
2018-12-05 23:08:33,7040,Windows Modules Installer,demand start,auto start
2018-12-05 23:09:06,7040,Windows Modules Installer,auto start,demand start
2018-12-05 23:09:07,7040,Windows Modules Installer,demand start,auto start
2018-12-05 23:09:12,7040,Windows Modules Installer,auto start,demand start
2018-12-05 23:18:03,7040,Background Intelligent Transfer Service,demand start,auto start
2018-12-05 23:22:07,7040,Background Intelligent Transfer Service,auto start,demand start
2018-12-06 04:26:11,7040,Background Intelligent Transfer Service,demand start,auto start
2018-12-06 04:28:14,7040,Background Intelligent Transfer Service,auto start,demand start
2018-12-06 07:03:34,7040,Background Intelligent Transfer Service,demand start,auto start
2018-12-06 07:13:41,7040,Background Intelligent Transfer Service,auto start,demand start
2018-12-06 08:05:08,7040,Background Intelligent Transfer Service,demand start,auto start
2018-12-06 08:07:29,7040,Background Intelligent Transfer Service,auto start,demand start
2018-12-06 08:07:58,7040,Background Intelligent Transfer Service,demand start,auto start
2018-12-06 08:10:28,7040,Background Intelligent Transfer Service,auto start,demand start
2018-12-06 08:13:30,7040,Windows Modules Installer,demand start,auto start
2018-12-06 08:31:02,7040,Windows Modules Installer,auto start,demand start
2018-12-06 18:22:57,7040,Background Intelligent Transfer Service,demand start,auto start
2018-12-06 18:23:23,7040,Windows Modules Installer,demand start,auto start
2018-12-06 18:23:24,7040,Windows Modules Installer,auto start,demand start
2018-12-06 18:25:26,7040,Device Association Service,auto start,demand start
2018-12-06 18:25:26,7040,Device Association Service,demand start,auto start
2018-12-06 18:27:04,7040,Background Intelligent Transfer Service,auto start,demand start
2018-12-07 04:37:11,7040,Background Intelligent Transfer Service,demand start,auto start
2018-12-07 04:47:17,7040,Background Intelligent Transfer Service,auto start,demand start
2018-12-07 05:03:26,7040,Background Intelligent Transfer Service,demand start,auto start
2018-12-07 05:05:29,7040,Background Intelligent Transfer Service,auto start,demand start
2018-12-07 22:15:10,7040,Background Intelligent Transfer Service,demand start,auto start
2018-12-07 22:25:14,7040,Background Intelligent Transfer Service,auto start,demand start
2018-12-07 23:14:58,7040,Windows Modules Installer,demand start,auto start
2018-12-07 23:14:58,7040,Windows Modules Installer,auto start,demand start
2018-12-08 03:25:54,7040,Background Intelligent Transfer Service,demand start,auto start
2018-12-08 03:27:57,7040,Background Intelligent Transfer Service,auto start,demand start
2018-12-08 19:11:33,7040,Background Intelligent Transfer Service,demand start,auto start
2018-12-08 19:13:33,7040,Background Intelligent Transfer Service,auto start,demand start
2018-12-08 21:51:54,7040,Background Intelligent Transfer Service,demand start,auto start
2018-12-08 21:53:55,7040,Background Intelligent Transfer Service,auto start,demand start
2018-12-09 01:14:48,7040,Windows Modules Installer,demand start,auto start
2018-12-09 01:14:48,7040,Windows Modules Installer,auto start,demand start
2018-12-09 05:16:09,7040,Background Intelligent Transfer Service,demand start,auto start
2018-12-09 05:18:10,7040,Background Intelligent Transfer Service,auto start,demand start
2018-12-09 08:20:01,7040,Background Intelligent Transfer Service,demand start,auto start
2018-12-09 08:22:02,7040,Background Intelligent Transfer Service,auto start,demand start
2018-12-09 09:27:25,7040,Background Intelligent Transfer Service,demand start,auto start
2018-12-09 09:29:32,7040,Background Intelligent Transfer Service,auto start,demand start
2018-12-09 18:00:19,7040,Background Intelligent Transfer Service,demand start,auto start
2018-12-09 18:10:51,7040,Background Intelligent Transfer Service,auto start,demand start
2018-12-10 06:00:04,7040,Background Intelligent Transfer Service,demand start,auto start
2018-12-10 06:10:08,7040,Background Intelligent Transfer Service,auto start,demand start
2018-12-10 06:11:47,7040,Background Intelligent Transfer Service,demand start,auto start
2018-12-10 06:14:06,7040,Background Intelligent Transfer Service,auto start,demand start
2018-12-10 19:13:10,7040,Windows Modules Installer,demand start,auto start
2018-12-10 19:13:11,7040,Windows Modules Installer,auto start,demand start
2018-12-10 19:13:18,7040,Background Intelligent Transfer Service,demand start,auto start
2018-12-10 19:23:26,7040,Background Intelligent Transfer Service,auto start,demand start
2018-12-11 05:04:03,7040,Background Intelligent Transfer Service,demand start,auto start
2018-12-11 05:06:04,7040,Background Intelligent Transfer Service,auto start,demand start
2018-12-11 10:03:46,7040,Background Intelligent Transfer Service,demand start,auto start
2018-12-11 10:07:40,7040,Background Intelligent Transfer Service,auto start,demand start
2018-12-11 19:14:19,7040,Background Intelligent Transfer Service,demand start,auto start
2018-12-11 19:17:36,7040,Background Intelligent Transfer Service,auto start,demand start
2018-12-11 21:32:40,7040,IKE and AuthIP IPsec Keying Modules,demand start,auto start
2018-12-11 21:58:56,7040,Background Intelligent Transfer Service,demand start,auto start
2018-12-11 22:08:59,7040,Background Intelligent Transfer Service,auto start,demand start
2018-12-11 22:30:31,7040,Background Intelligent Transfer Service,demand start,auto start
2018-12-11 22:44:52,7040,Background Intelligent Transfer Service,auto start,demand start
2018-12-12 03:08:58,7040,Background Intelligent Transfer Service,demand start,auto start
2018-12-12 03:11:17,7040,Background Intelligent Transfer Service,auto start,demand start
2018-12-12 03:22:17,7040,Background Intelligent Transfer Service,demand start,auto start
2018-12-12 03:24:19,7040,Background Intelligent Transfer Service,auto start,demand start
2018-12-12 19:40:31,7040,Background Intelligent Transfer Service,demand start,auto start
2018-12-12 19:50:41,7040,Background Intelligent Transfer Service,auto start,demand start
2018-12-12 19:51:39,7040,Windows Modules Installer,demand start,auto start
2018-12-12 19:52:19,7040,Windows Modules Installer,auto start,demand start
2018-12-12 19:53:20,7040,Background Intelligent Transfer Service,demand start,auto start
2018-12-12 19:56:17,7040,Background Intelligent Transfer Service,auto start,demand start
2018-12-13 00:48:02,7040,Background Intelligent Transfer Service,demand start,auto start
2018-12-13 00:50:18,7040,Background Intelligent Transfer Service,auto start,demand start
2018-12-13 04:45:39,7040,Background Intelligent Transfer Service,demand start,auto start
2018-12-13 04:47:41,7040,Background Intelligent Transfer Service,auto start,demand start
2018-12-13 06:22:49,7040,Background Intelligent Transfer Service,demand start,auto start
2018-12-13 06:24:54,7040,Background Intelligent Transfer Service,auto start,demand start
2018-12-13 23:56:28,7040,Background Intelligent Transfer Service,demand start,auto start
2018-12-14 00:06:33,7040,Background Intelligent Transfer Service,auto start,demand start
2018-12-14 03:42:40,7040,Background Intelligent Transfer Service,demand start,auto start
2018-12-14 03:44:42,7040,Background Intelligent Transfer Service,auto start,demand start
2018-12-14 17:23:43,7040,Background Intelligent Transfer Service,demand start,auto start
2018-12-14 17:25:44,7040,Background Intelligent Transfer Service,auto start,demand start
2018-12-14 21:11:54,7040,Windows Modules Installer,demand start,auto start
2018-12-14 21:12:05,7040,Windows Modules Installer,auto start,demand start
2018-12-14 21:14:01,7040,Background Intelligent Transfer Service,demand start,auto start
2018-12-14 21:18:05,7040,Background Intelligent Transfer Service,auto start,demand start
2018-12-14 22:51:51,7040,Background Intelligent Transfer Service,demand start,auto start
2018-12-14 23:01:55,7040,Background Intelligent Transfer Service,auto start,demand start
2018-12-15 03:48:17,7040,Background Intelligent Transfer Service,demand start,auto start
2018-12-15 03:50:19,7040,Background Intelligent Transfer Service,auto start,demand start
2018-12-20 21:31:21,7040,Background Intelligent Transfer Service,demand start,auto start
2018-12-20 21:45:43,7040,Windows Modules Installer,demand start,auto start
2018-12-20 21:47:15,7040,Windows Modules Installer,auto start,demand start
2018-12-20 21:47:16,7040,Windows Modules Installer,demand start,auto start
2018-12-20 21:50:33,7040,Windows Modules Installer,auto start,demand start
2018-12-20 21:55:04,7040,Background Intelligent Transfer Service,auto start,demand start
2018-12-23 03:24:05,7040,Background Intelligent Transfer Service,demand start,auto start
2018-12-23 03:28:09,7040,Background Intelligent Transfer Service,auto start,demand start
2018-12-23 03:32:36,7040,Background Intelligent Transfer Service,demand start,auto start
2018-12-23 03:34:37,7040,Background Intelligent Transfer Service,auto start,demand start
2018-12-23 03:37:30,7040,Background Intelligent Transfer Service,demand start,auto start
2018-12-23 03:39:40,7040,Background Intelligent Transfer Service,auto start,demand start
2018-12-23 04:14:33,7040,Background Intelligent Transfer Service,demand start,auto start
2018-12-23 04:16:35,7040,Background Intelligent Transfer Service,auto start,demand start
2018-12-24 00:35:57,7040,Background Intelligent Transfer Service,demand start,auto start
2018-12-24 00:38:06,7040,Background Intelligent Transfer Service,auto start,demand start
2018-12-24 03:26:50,7040,Background Intelligent Transfer Service,demand start,auto start
2018-12-24 03:28:50,7040,Background Intelligent Transfer Service,auto start,demand start
2018-12-24 05:17:24,7040,Background Intelligent Transfer Service,demand start,auto start
2018-12-24 05:19:25,7040,Background Intelligent Transfer Service,auto start,demand start
2019-01-02 16:53:10,7040,Background Intelligent Transfer Service,demand start,auto start
2019-01-02 17:03:17,7040,Background Intelligent Transfer Service,auto start,demand start
2019-01-03 02:40:58,7040,Background Intelligent Transfer Service,demand start,auto start
2019-01-03 02:42:59,7040,Background Intelligent Transfer Service,auto start,demand start
2019-01-03 08:57:20,7040,Background Intelligent Transfer Service,demand start,auto start
2019-01-03 08:59:21,7040,Background Intelligent Transfer Service,auto start,demand start
2019-01-03 21:37:55,7040,Background Intelligent Transfer Service,demand start,auto start
2019-01-03 21:39:56,7040,Background Intelligent Transfer Service,auto start,demand start
2019-01-04 04:55:21,7040,Background Intelligent Transfer Service,demand start,auto start
2019-01-04 04:57:23,7040,Background Intelligent Transfer Service,auto start,demand start
2019-01-04 21:37:55,7040,Background Intelligent Transfer Service,demand start,auto start
2019-01-04 21:39:56,7040,Background Intelligent Transfer Service,auto start,demand start
2019-01-05 03:54:30,7040,Background Intelligent Transfer Service,demand start,auto start
2019-01-05 03:56:31,7040,Background Intelligent Transfer Service,auto start,demand start
2019-01-05 04:45:24,7040,Background Intelligent Transfer Service,demand start,auto start
2019-01-05 04:47:42,7040,Background Intelligent Transfer Service,auto start,demand start
2019-01-05 07:12:36,7040,Background Intelligent Transfer Service,demand start,auto start
2019-01-05 07:14:37,7040,Background Intelligent Transfer Service,auto start,demand start
2019-01-05 18:37:07,7040,Background Intelligent Transfer Service,demand start,auto start
2019-01-05 18:39:27,7040,Background Intelligent Transfer Service,auto start,demand start
2019-01-05 21:37:55,7040,Background Intelligent Transfer Service,demand start,auto start
2019-01-05 21:39:56,7040,Background Intelligent Transfer Service,auto start,demand start
2019-01-05 22:07:07,7040,Background Intelligent Transfer Service,demand start,auto start
2019-01-05 22:09:12,7040,Background Intelligent Transfer Service,auto start,demand start
2019-01-06 01:59:57,7040,Background Intelligent Transfer Service,demand start,auto start
2019-01-06 02:04:03,7040,Background Intelligent Transfer Service,auto start,demand start
2019-01-06 02:04:05,7040,Background Intelligent Transfer Service,demand start,auto start
2019-01-06 02:10:03,7040,Background Intelligent Transfer Service,auto start,demand start
2019-01-06 06:08:46,7040,Background Intelligent Transfer Service,demand start,auto start
2019-01-06 06:10:48,7040,Background Intelligent Transfer Service,auto start,demand start
2019-01-06 20:28:48,7040,Background Intelligent Transfer Service,demand start,auto start
2019-01-06 20:33:14,7040,Background Intelligent Transfer Service,auto start,demand start
2019-01-06 21:38:00,7040,Background Intelligent Transfer Service,demand start,auto start
2019-01-06 21:40:01,7040,Background Intelligent Transfer Service,auto start,demand start
2019-01-07 04:52:02,7040,Background Intelligent Transfer Service,demand start,auto start
2019-01-11 21:49:42,7040,Background Intelligent Transfer Service,auto start,demand start
2019-01-11 21:51:57,7040,Background Intelligent Transfer Service,demand start,auto start
2019-01-11 21:53:57,7040,Background Intelligent Transfer Service,auto start,demand start
2019-01-11 21:54:09,7040,Background Intelligent Transfer Service,demand start,auto start
2019-01-11 21:57:56,7040,Background Intelligent Transfer Service,auto start,demand start
2019-01-12 01:10:42,7040,Background Intelligent Transfer Service,demand start,auto start
2019-01-12 01:10:45,7040,Windows Modules Installer,demand start,auto start
2019-01-12 01:10:54,7040,Windows Modules Installer,auto start,demand start
2019-01-12 01:13:23,7040,Background Intelligent Transfer Service,auto start,demand start
2019-01-12 02:45:33,7040,Background Intelligent Transfer Service,demand start,auto start
2019-01-12 02:47:34,7040,Background Intelligent Transfer Service,auto start,demand start
2019-01-12 05:01:35,7040,Background Intelligent Transfer Service,demand start,auto start
2019-01-12 05:11:38,7040,Background Intelligent Transfer Service,auto start,demand start
2019-01-12 05:33:25,7040,Background Intelligent Transfer Service,demand start,auto start
2019-01-12 05:35:27,7040,Background Intelligent Transfer Service,auto start,demand start
2019-01-12 21:48:26,7040,Background Intelligent Transfer Service,demand start,auto start
2019-01-12 21:50:28,7040,Background Intelligent Transfer Service,auto start,demand start
2019-01-13 02:52:20,7040,Background Intelligent Transfer Service,demand start,auto start
2019-01-13 02:54:22,7040,Background Intelligent Transfer Service,auto start,demand start
2020-11-07 19:21:15,7040,Background Intelligent Transfer Service,demand start,auto start
2020-11-07 17:54:39,7040,Background Intelligent Transfer Service,auto start,demand start
2020-11-07 18:07:33,7040,Background Intelligent Transfer Service,demand start,auto start
2020-11-07 18:11:17,7040,Background Intelligent Transfer Service,auto start,demand start
2020-11-07 23:07:32,7040,Background Intelligent Transfer Service,demand start,auto start
2020-11-07 23:09:45,7040,Background Intelligent Transfer Service,auto start,demand start
2020-11-08 00:26:19,7040,Background Intelligent Transfer Service,demand start,auto start
2020-11-08 00:42:45,7040,Background Intelligent Transfer Service,auto start,demand start
2020-11-14 11:31:05,7040,Background Intelligent Transfer Service,demand start,auto start
2020-11-14 11:41:10,7040,Background Intelligent Transfer Service,auto start,demand start
2020-11-14 12:06:45,7040,Background Intelligent Transfer Service,demand start,auto start
2020-11-14 12:10:30,7040,Background Intelligent Transfer Service,auto start,demand start
2020-11-14 14:42:21,7040,Background Intelligent Transfer Service,demand start,auto start
2020-11-14 14:45:40,7040,Background Intelligent Transfer Service,auto start,demand start
2020-11-14 21:46:42,7040,Background Intelligent Transfer Service,demand start,auto start
2020-11-14 21:48:49,7040,Background Intelligent Transfer Service,auto start,demand start
2020-11-15 13:48:26,7040,Background Intelligent Transfer Service,demand start,auto start
2020-11-15 14:05:25,7040,Background Intelligent Transfer Service,auto start,demand start
2020-11-15 15:39:47,7040,Background Intelligent Transfer Service,demand start,auto start
2020-11-15 15:41:47,7040,Background Intelligent Transfer Service,auto start,demand start
2020-11-15 16:11:46,7040,Background Intelligent Transfer Service,demand start,auto start
2020-11-15 16:13:58,7040,Background Intelligent Transfer Service,auto start,demand start
2020-11-21 16:03:46,7040,Background Intelligent Transfer Service,demand start,auto start
2020-11-21 16:21:33,7040,Background Intelligent Transfer Service,auto start,demand start
2020-11-21 16:23:32,7040,Background Intelligent Transfer Service,demand start,auto start
2020-11-21 16:26:19,7040,Background Intelligent Transfer Service,auto start,demand start
2020-11-21 16:46:01,7040,Background Intelligent Transfer Service,demand start,auto start
2020-11-21 16:48:01,7040,Background Intelligent Transfer Service,auto start,demand start
2020-11-21 21:48:01,7040,Background Intelligent Transfer Service,demand start,auto start
2020-11-21 21:50:06,7040,Background Intelligent Transfer Service,auto start,demand start
2020-11-22 15:13:27,7040,Background Intelligent Transfer Service,demand start,auto start
2020-11-22 15:23:43,7040,Background Intelligent Transfer Service,auto start,demand start
2020-11-22 15:32:58,7040,Background Intelligent Transfer Service,demand start,auto start
2020-11-22 15:35:03,7040,Background Intelligent Transfer Service,auto start,demand start
2020-11-22 16:13:50,7040,Background Intelligent Transfer Service,demand start,auto start
2020-11-22 16:15:50,7040,Background Intelligent Transfer Service,auto start,demand start
2020-11-22 17:12:09,7040,Windows Modules Installer,demand start,auto start
2020-11-22 17:12:27,7040,Windows Modules Installer,auto start,demand start
2020-11-22 19:13:43,7040,Background Intelligent Transfer Service,demand start,auto start
2020-11-22 19:15:43,7040,Background Intelligent Transfer Service,auto start,demand start
2020-11-22 21:48:26,7040,Background Intelligent Transfer Service,demand start,auto start
2020-11-22 21:50:26,7040,Background Intelligent Transfer Service,auto start,demand start
2020-11-23 16:38:43,7040,Background Intelligent Transfer Service,demand start,auto start
2020-11-23 16:40:46,7040,Background Intelligent Transfer Service,auto start,demand start
2020-11-27 17:20:10,7040,Background Intelligent Transfer Service,demand start,auto start
2020-11-27 17:24:45,7040,Background Intelligent Transfer Service,auto start,demand start
2020-11-27 17:31:22,7040,Background Intelligent Transfer Service,demand start,auto start
2020-11-27 17:35:16,7040,Background Intelligent Transfer Service,auto start,demand start
2020-11-27 17:36:23,7040,Background Intelligent Transfer Service,demand start,auto start
2020-11-27 17:39:00,7040,Background Intelligent Transfer Service,auto start,demand start
2020-11-27 22:36:23,7040,Background Intelligent Transfer Service,demand start,auto start
2020-11-28 18:10:33,7040,Background Intelligent Transfer Service,auto start,demand start
2020-11-28 18:58:35,7040,Background Intelligent Transfer Service,demand start,auto start
2020-11-28 19:00:37,7040,Background Intelligent Transfer Service,auto start,demand start
2020-11-28 21:49:05,7040,Background Intelligent Transfer Service,demand start,auto start
2020-11-28 21:51:10,7040,Background Intelligent Transfer Service,auto start,demand start
2020-11-29 16:16:42,7040,Background Intelligent Transfer Service,demand start,auto start
2020-11-29 16:18:44,7040,Background Intelligent Transfer Service,auto start,demand start
2020-11-29 16:46:32,7040,Background Intelligent Transfer Service,demand start,auto start
2020-11-29 16:48:44,7040,Background Intelligent Transfer Service,auto start,demand start
2020-11-29 18:08:07,7040,Background Intelligent Transfer Service,demand start,auto start
2020-11-29 18:10:08,7040,Background Intelligent Transfer Service,auto start,demand start
2020-11-29 19:17:57,7040,Background Intelligent Transfer Service,demand start,auto start
2020-11-29 19:19:58,7040,Background Intelligent Transfer Service,auto start,demand start
2020-11-29 21:48:26,7040,Background Intelligent Transfer Service,demand start,auto start
2020-11-29 21:50:26,7040,Background Intelligent Transfer Service,auto start,demand start
2020-11-30 12:28:51,7040,Background Intelligent Transfer Service,demand start,auto start
2020-11-30 12:30:53,7040,Background Intelligent Transfer Service,auto start,demand start
2020-11-30 16:11:59,7040,Background Intelligent Transfer Service,demand start,auto start
2020-11-30 16:14:12,7040,Background Intelligent Transfer Service,auto start,demand start
2020-11-30 18:08:08,7040,Background Intelligent Transfer Service,demand start,auto start
2020-11-30 18:10:09,7040,Background Intelligent Transfer Service,auto start,demand start
2020-11-30 19:31:38,7040,Background Intelligent Transfer Service,demand start,auto start
2020-11-30 19:33:42,7040,Background Intelligent Transfer Service,auto start,demand start
2020-11-30 21:11:59,7040,Background Intelligent Transfer Service,demand start,auto start
2020-11-30 21:14:12,7040,Background Intelligent Transfer Service,auto start,demand start
2020-12-01 11:25:47,7040,Background Intelligent Transfer Service,demand start,auto start
2020-12-01 11:36:02,7040,Background Intelligent Transfer Service,auto start,demand start
2020-12-01 13:49:01,7040,Background Intelligent Transfer Service,demand start,auto start
2020-12-01 13:51:15,7040,Background Intelligent Transfer Service,auto start,demand start
2020-12-05 20:32:24,7040,Background Intelligent Transfer Service,demand start,auto start
2020-12-05 20:34:41,7040,Background Intelligent Transfer Service,auto start,demand start
2020-12-05 20:37:46,7040,Background Intelligent Transfer Service,demand start,auto start
2020-12-05 20:39:46,7040,Background Intelligent Transfer Service,auto start,demand start
2020-12-05 21:50:31,7040,Background Intelligent Transfer Service,demand start,auto start
2020-12-05 21:52:37,7040,Background Intelligent Transfer Service,auto start,demand start
2020-12-06 10:40:58,7040,Background Intelligent Transfer Service,demand start,auto start
2020-12-06 10:43:00,7040,Background Intelligent Transfer Service,auto start,demand start
2020-12-06 17:24:44,7040,Windows Modules Installer,demand start,auto start
2020-12-06 17:24:54,7040,Windows Modules Installer,auto start,demand start
2020-12-06 18:56:37,7040,Background Intelligent Transfer Service,demand start,auto start
2020-12-06 18:58:38,7040,Background Intelligent Transfer Service,auto start,demand start
2020-12-06 20:32:26,7040,Background Intelligent Transfer Service,demand start,auto start
2020-12-06 20:34:27,7040,Background Intelligent Transfer Service,auto start,demand start
2020-12-06 20:37:46,7040,Background Intelligent Transfer Service,demand start,auto start
2020-12-06 20:39:46,7040,Background Intelligent Transfer Service,auto start,demand start
2020-12-06 21:26:07,7040,Background Intelligent Transfer Service,demand start,auto start
2020-12-06 21:28:07,7040,Background Intelligent Transfer Service,auto start,demand start
2020-12-07 17:39:56,7040,Background Intelligent Transfer Service,demand start,auto start
2020-12-07 17:42:04,7040,Background Intelligent Transfer Service,auto start,demand start
2020-12-07 19:02:57,7040,Background Intelligent Transfer Service,demand start,auto start
2020-12-07 19:04:59,7040,Background Intelligent Transfer Service,auto start,demand start
2020-12-07 20:32:27,7040,Background Intelligent Transfer Service,demand start,auto start
2020-12-07 20:34:28,7040,Background Intelligent Transfer Service,auto start,demand start
2020-12-07 20:37:46,7040,Background Intelligent Transfer Service,demand start,auto start
2020-12-07 20:39:46,7040,Background Intelligent Transfer Service,auto start,demand start
2020-12-07 22:38:12,7040,Background Intelligent Transfer Service,demand start,auto start
2020-12-07 22:46:13,7040,Background Intelligent Transfer Service,auto start,demand start
2020-12-08 11:25:50,7040,Background Intelligent Transfer Service,demand start,auto start
2020-12-08 11:27:53,7040,Background Intelligent Transfer Service,auto start,demand start
2020-12-08 11:32:46,7040,Background Intelligent Transfer Service,demand start,auto start
2020-12-08 11:36:48,7040,Background Intelligent Transfer Service,auto start,demand start
2021-01-04 15:32:54,7040,Background Intelligent Transfer Service,demand start,auto start
2021-01-04 15:35:40,7040,Background Intelligent Transfer Service,auto start,demand start
2021-02-03 18:15:18,7040,Background Intelligent Transfer Service,demand start,auto start
2021-02-03 18:40:08,7040,Background Intelligent Transfer Service,auto start,demand start
2021-02-07 11:00:44,7040,Background Intelligent Transfer Service,demand start,auto start
2021-02-03 19:41:25,7040,Background Intelligent Transfer Service,auto start,demand start
2021-02-07 11:22:04,7040,Background Intelligent Transfer Service,demand start,auto start
2021-02-07 11:36:06,7040,Background Intelligent Transfer Service,auto start,demand start
2021-02-07 13:26:49,7040,Background Intelligent Transfer Service,demand start,auto start
2021-02-07 13:29:03,7040,Background Intelligent Transfer Service,auto start,demand start
2021-02-07 13:44:37,7040,Background Intelligent Transfer Service,demand start,auto start
2021-02-07 13:46:38,7040,Background Intelligent Transfer Service,auto start,demand start
2021-02-07 21:16:04,7040,Background Intelligent Transfer Service,demand start,auto start
2021-02-07 21:18:06,7040,Background Intelligent Transfer Service,auto start,demand start
2021-02-11 15:35:17,7040,Background Intelligent Transfer Service,demand start,auto start
2021-02-07 22:44:56,7040,Background Intelligent Transfer Service,auto start,demand start
2021-02-11 12:24:04,7040,Background Intelligent Transfer Service,demand start,auto start
2021-02-11 15:54:42,7040,Background Intelligent Transfer Service,auto start,demand start
2021-02-11 16:16:44,7040,Background Intelligent Transfer Service,demand start,auto start
2021-02-11 16:18:45,7040,Background Intelligent Transfer Service,auto start,demand start
2021-02-11 16:27:59,7040,Background Intelligent Transfer Service,demand start,auto start
2021-02-11 16:42:19,7040,Background Intelligent Transfer Service,auto start,demand start
2021-02-11 17:00:01,7040,Background Intelligent Transfer Service,demand start,auto start
2021-02-11 17:03:16,7040,Background Intelligent Transfer Service,auto start,demand start
2021-02-11 19:06:08,7040,Background Intelligent Transfer Service,demand start,auto start
2021-02-11 19:08:10,7040,Background Intelligent Transfer Service,auto start,demand start
2021-02-11 21:48:25,7040,Background Intelligent Transfer Service,demand start,auto start
2021-02-11 21:50:25,7040,Background Intelligent Transfer Service,auto start,demand start
2021-02-12 04:19:39,7040,Background Intelligent Transfer Service,demand start,auto start
2021-02-12 04:21:42,7040,Background Intelligent Transfer Service,auto start,demand start
2021-02-12 12:24:06,7040,Background Intelligent Transfer Service,demand start,auto start
2021-02-12 12:26:07,7040,Background Intelligent Transfer Service,auto start,demand start
2021-02-12 17:00:02,7040,Background Intelligent Transfer Service,demand start,auto start
2021-02-12 17:03:24,7040,Background Intelligent Transfer Service,auto start,demand start
2021-02-12 21:27:07,7040,Background Intelligent Transfer Service,demand start,auto start
2021-02-12 21:29:09,7040,Background Intelligent Transfer Service,auto start,demand start
2021-02-12 21:48:25,7040,Background Intelligent Transfer Service,demand start,auto start
2021-02-12 21:50:25,7040,Background Intelligent Transfer Service,auto start,demand start
2021-02-13 02:34:01,7040,Background Intelligent Transfer Service,demand start,auto start
2021-02-13 02:36:03,7040,Background Intelligent Transfer Service,auto start,demand start
2021-02-24 10:22:21,7040,Background Intelligent Transfer Service,demand start,auto start
2021-02-24 10:32:28,7040,Background Intelligent Transfer Service,auto start,demand start
2021-02-24 10:33:03,7040,Background Intelligent Transfer Service,demand start,auto start
2021-02-24 10:36:59,7040,Background Intelligent Transfer Service,auto start,demand start
2021-03-04 14:00:57,7040,Background Intelligent Transfer Service,demand start,auto start
2021-03-04 14:11:04,7040,Background Intelligent Transfer Service,auto start,demand start
2021-03-04 14:14:15,7040,Background Intelligent Transfer Service,demand start,auto start
2021-03-04 14:16:43,7040,Background Intelligent Transfer Service,auto start,demand start
2021-03-09 14:20:38,7040,Background Intelligent Transfer Service,demand start,auto start
2021-03-09 14:24:39,7040,Background Intelligent Transfer Service,auto start,demand start
2021-03-10 09:58:33,7040,Background Intelligent Transfer Service,demand start,auto start
2021-03-10 10:01:49,7040,Background Intelligent Transfer Service,auto start,demand start
2021-03-17 15:06:05,7040,Background Intelligent Transfer Service,demand start,auto start
2021-03-17 15:16:03,7040,Windows Modules Installer,demand start,auto start
2021-03-17 15:16:03,7040,Windows Modules Installer,auto start,demand start
2021-03-17 15:16:04,7040,Windows Modules Installer,demand start,auto start
2021-03-17 15:16:11,7040,Background Intelligent Transfer Service,auto start,demand start
2021-03-17 15:16:18,7040,Windows Modules Installer,auto start,demand start
2021-03-17 15:21:45,7040,Background Intelligent Transfer Service,demand start,auto start
2021-03-17 15:24:22,7040,Background Intelligent Transfer Service,auto start,demand start
2021-03-17 18:51:45,7040,Background Intelligent Transfer Service,demand start,auto start
2021-03-17 18:54:10,7040,Background Intelligent Transfer Service,auto start,demand start
2021-03-21 15:19:39,7040,Background Intelligent Transfer Service,demand start,auto start
2021-03-21 15:22:13,7040,Background Intelligent Transfer Service,auto start,demand start
2021-03-21 15:45:45,7040,Background Intelligent Transfer Service,demand start,auto start
2021-03-21 15:52:04,7040,Background Intelligent Transfer Service,auto start,demand start
2021-03-21 23:42:00,7040,Background Intelligent Transfer Service,demand start,auto start
2021-03-21 23:44:24,7040,Background Intelligent Transfer Service,auto start,demand start
2021-03-22 14:51:44,7040,Background Intelligent Transfer Service,demand start,auto start
2021-03-22 14:53:46,7040,Background Intelligent Transfer Service,auto start,demand start
2021-03-22 15:19:40,7040,Background Intelligent Transfer Service,demand start,auto start
2021-03-22 15:21:41,7040,Background Intelligent Transfer Service,auto start,demand start
2021-03-31 15:37:55,7040,Background Intelligent Transfer Service,demand start,auto start
2021-03-31 15:40:11,7040,Background Intelligent Transfer Service,auto start,demand start
2021-03-31 17:12:29,7040,Background Intelligent Transfer Service,demand start,auto start
2021-03-31 17:14:29,7040,Background Intelligent Transfer Service,auto start,demand start
2021-04-08 13:06:37,7040,Background Intelligent Transfer Service,demand start,auto start
2021-04-08 13:09:34,7040,Background Intelligent Transfer Service,auto start,demand start
2021-04-11 15:23:15,7040,Background Intelligent Transfer Service,demand start,auto start
2021-04-11 15:25:54,7040,Background Intelligent Transfer Service,auto start,demand start
2021-04-11 17:07:58,7040,Background Intelligent Transfer Service,demand start,auto start
2021-04-11 17:09:58,7040,Background Intelligent Transfer Service,auto start,demand start
2021-04-23 10:48:54,7040,Background Intelligent Transfer Service,demand start,auto start
2021-04-23 11:18:25,7040,Background Intelligent Transfer Service,auto start,demand start
2021-04-23 11:29:58,7040,Background Intelligent Transfer Service,demand start,auto start
2021-04-23 11:31:58,7040,Background Intelligent Transfer Service,auto start,demand start
2021-04-23 11:36:17,7040,Background Intelligent Transfer Service,demand start,auto start
2021-04-23 11:55:58,7040,Background Intelligent Transfer Service,auto start,demand start
2021-05-04 19:33:21,7040,Background Intelligent Transfer Service,demand start,auto start
2021-05-04 19:36:32,7040,Background Intelligent Transfer Service,auto start,demand start
2021-05-04 20:10:38,7040,Background Intelligent Transfer Service,demand start,auto start
2021-05-04 20:12:45,7040,Background Intelligent Transfer Service,auto start,demand start
2021-05-04 21:07:33,7040,Background Intelligent Transfer Service,demand start,auto start
2021-05-04 21:09:33,7040,Background Intelligent Transfer Service,auto start,demand start
2021-05-05 01:55:56,7040,Background Intelligent Transfer Service,demand start,auto start
2021-05-05 01:58:17,7040,Background Intelligent Transfer Service,auto start,demand start
2021-05-05 05:24:15,7040,Background Intelligent Transfer Service,demand start,auto start
2021-05-05 05:26:18,7040,Background Intelligent Transfer Service,auto start,demand start
2021-05-05 06:55:56,7040,Background Intelligent Transfer Service,demand start,auto start
2021-05-05 06:58:04,7040,Background Intelligent Transfer Service,auto start,demand start
2021-05-05 10:00:01,7040,Background Intelligent Transfer Service,demand start,auto start
2021-05-05 10:02:11,7040,Background Intelligent Transfer Service,auto start,demand start
2021-05-05 10:09:18,7040,Background Intelligent Transfer Service,demand start,auto start
2021-05-05 10:11:22,7040,Background Intelligent Transfer Service,auto start,demand start
2021-05-18 18:23:07,7040,Background Intelligent Transfer Service,demand start,auto start
2021-05-05 10:20:55,7040,Background Intelligent Transfer Service,auto start,demand start
2021-05-18 18:40:32,7040,Background Intelligent Transfer Service,demand start,auto start
2021-05-18 18:57:32,7040,Background Intelligent Transfer Service,auto start,demand start
2021-05-18 19:07:44,7040,Background Intelligent Transfer Service,demand start,auto start
2021-05-18 19:09:44,7040,Background Intelligent Transfer Service,auto start,demand start
2021-05-18 20:03:29,7040,Background Intelligent Transfer Service,demand start,auto start
2021-05-18 20:06:47,7040,Background Intelligent Transfer Service,auto start,demand start
2021-05-18 21:48:25,7040,Background Intelligent Transfer Service,demand start,auto start
2021-05-18 21:50:26,7040,Background Intelligent Transfer Service,auto start,demand start
2021-05-19 00:57:47,7040,Background Intelligent Transfer Service,demand start,auto start
2021-05-19 01:08:17,7040,Background Intelligent Transfer Service,auto start,demand start
2021-06-06 16:05:53,7040,Background Intelligent Transfer Service,demand start,auto start
2021-06-06 16:38:16,7040,Background Intelligent Transfer Service,auto start,demand start
2021-06-06 17:06:23,7040,Windows Modules Installer,demand start,auto start
2021-06-06 17:06:53,7040,Windows Modules Installer,auto start,demand start
2021-06-06 17:08:56,7040,Background Intelligent Transfer Service,demand start,auto start
2021-06-06 17:10:57,7040,Background Intelligent Transfer Service,auto start,demand start
2021-06-06 19:12:56,7040,Background Intelligent Transfer Service,demand start,auto start
2021-06-06 19:15:04,7040,Background Intelligent Transfer Service,auto start,demand start
2021-06-06 21:48:25,7040,Background Intelligent Transfer Service,demand start,auto start
2021-06-06 21:50:27,7040,Background Intelligent Transfer Service,auto start,demand start
2021-06-07 01:56:48,7040,Background Intelligent Transfer Service,demand start,auto start
2021-06-07 01:58:56,7040,Background Intelligent Transfer Service,auto start,demand start
2021-06-07 06:56:48,7040,Background Intelligent Transfer Service,demand start,auto start
2021-06-07 06:58:56,7040,Background Intelligent Transfer Service,auto start,demand start
2021-06-07 10:00:00,7040,Background Intelligent Transfer Service,demand start,auto start
2021-06-07 10:02:22,7040,Background Intelligent Transfer Service,auto start,demand start
2021-06-07 11:56:49,7040,Background Intelligent Transfer Service,demand start,auto start
2021-06-07 11:58:57,7040,Background Intelligent Transfer Service,auto start,demand start
2021-06-07 16:14:37,7040,Background Intelligent Transfer Service,demand start,auto start
2021-06-07 16:16:42,7040,Background Intelligent Transfer Service,auto start,demand start
2021-06-07 16:59:13,7040,Background Intelligent Transfer Service,demand start,auto start
2021-06-07 17:01:20,7040,Background Intelligent Transfer Service,auto start,demand start
2021-06-07 21:48:25,7040,Background Intelligent Transfer Service,demand start,auto start
2021-06-07 21:50:28,7040,Background Intelligent Transfer Service,auto start,demand start
2021-06-08 02:56:50,7040,Background Intelligent Transfer Service,demand start,auto start
2021-06-08 02:59:31,7040,Background Intelligent Transfer Service,auto start,demand start
2021-06-08 07:56:51,7040,Background Intelligent Transfer Service,demand start,auto start
2021-06-08 07:58:59,7040,Background Intelligent Transfer Service,auto start,demand start
2021-06-08 09:17:10,7040,Background Intelligent Transfer Service,demand start,auto start
2021-06-08 09:19:11,7040,Background Intelligent Transfer Service,auto start,demand start
2021-06-08 16:14:43,7040,Background Intelligent Transfer Service,demand start,auto start
2021-06-08 16:20:33,7040,Background Intelligent Transfer Service,auto start,demand start
2021-06-08 16:51:36,7040,Background Intelligent Transfer Service,demand start,auto start
2021-06-13 10:12:04,7040,Background Intelligent Transfer Service,auto start,demand start
2021-06-13 10:55:57,7040,Background Intelligent Transfer Service,demand start,auto start
2021-06-13 10:58:10,7040,Background Intelligent Transfer Service,auto start,demand start
2021-06-13 14:10:14,7040,Background Intelligent Transfer Service,demand start,auto start
2021-06-13 14:14:31,7040,Background Intelligent Transfer Service,auto start,demand start
2021-08-01 14:36:09,7040,Background Intelligent Transfer Service,demand start,auto start
2021-06-13 15:33:13,7040,Background Intelligent Transfer Service,auto start,demand start
2021-08-03 13:36:10,7040,Background Intelligent Transfer Service,demand start,auto start
2021-08-03 13:53:09,7040,Background Intelligent Transfer Service,auto start,demand start
2021-08-03 14:49:47,7040,Background Intelligent Transfer Service,demand start,auto start
2021-08-03 14:53:24,7040,Background Intelligent Transfer Service,auto start,demand start
2021-08-03 15:26:53,7040,Background Intelligent Transfer Service,demand start,auto start
2021-08-03 15:29:00,7040,Background Intelligent Transfer Service,auto start,demand start
2021-08-03 23:36:35,7040,Background Intelligent Transfer Service,demand start,auto start
2021-08-03 23:39:25,7040,Background Intelligent Transfer Service,auto start,demand start
2021-08-04 00:49:47,7040,Background Intelligent Transfer Service,demand start,auto start
2021-08-04 00:52:05,7040,Background Intelligent Transfer Service,auto start,demand start
2021-08-04 10:49:48,7040,Background Intelligent Transfer Service,demand start,auto start
2021-08-04 10:52:29,7040,Background Intelligent Transfer Service,auto start,demand start
2021-08-04 13:00:00,7040,Background Intelligent Transfer Service,demand start,auto start
2021-08-04 13:02:26,7040,Background Intelligent Transfer Service,auto start,demand start
2021-08-04 13:36:13,7040,Background Intelligent Transfer Service,demand start,auto start
2021-08-04 13:38:46,7040,Background Intelligent Transfer Service,auto start,demand start
2021-08-04 20:49:49,7040,Background Intelligent Transfer Service,demand start,auto start
2021-08-04 20:52:01,7040,Background Intelligent Transfer Service,auto start,demand start
2021-08-04 21:48:26,7040,Background Intelligent Transfer Service,demand start,auto start
2021-08-04 21:50:27,7040,Background Intelligent Transfer Service,auto start,demand start
2021-08-05 00:55:12,7040,Background Intelligent Transfer Service,demand start,auto start
2021-08-05 00:57:32,7040,Background Intelligent Transfer Service,auto start,demand start
2021-08-05 01:00:40,7040,Background Intelligent Transfer Service,demand start,auto start
2021-08-05 01:02:41,7040,Background Intelligent Transfer Service,auto start,demand start
2021-08-05 01:49:49,7040,Background Intelligent Transfer Service,demand start,auto start
2021-08-05 01:51:57,7040,Background Intelligent Transfer Service,auto start,demand start
2021-08-05 06:49:49,7040,Background Intelligent Transfer Service,demand start,auto start
2021-08-05 06:51:58,7040,Background Intelligent Transfer Service,auto start,demand start
2021-08-05 11:49:50,7040,Background Intelligent Transfer Service,demand start,auto start
2021-08-05 11:52:03,7040,Background Intelligent Transfer Service,auto start,demand start
2021-08-05 13:08:18,7040,Background Intelligent Transfer Service,demand start,auto start
2021-08-05 13:10:18,7040,Background Intelligent Transfer Service,auto start,demand start
2021-08-05 13:36:46,7040,Background Intelligent Transfer Service,demand start,auto start
2021-08-05 13:38:49,7040,Background Intelligent Transfer Service,auto start,demand start
2021-08-05 15:22:53,7040,Background Intelligent Transfer Service,demand start,auto start
2021-08-05 15:24:56,7040,Background Intelligent Transfer Service,auto start,demand start
2021-08-05 16:49:50,7040,Background Intelligent Transfer Service,demand start,auto start
2021-08-05 16:51:58,7040,Background Intelligent Transfer Service,auto start,demand start
2021-08-06 01:00:40,7040,Background Intelligent Transfer Service,demand start,auto start
2021-08-06 01:02:41,7040,Background Intelligent Transfer Service,auto start,demand start
2021-08-06 02:49:51,7040,Background Intelligent Transfer Service,demand start,auto start
2021-08-06 02:51:59,7040,Background Intelligent Transfer Service,auto start,demand start
2021-08-06 07:49:51,7040,Background Intelligent Transfer Service,demand start,auto start
2021-08-06 07:52:00,7040,Background Intelligent Transfer Service,auto start,demand start
2021-08-06 12:49:52,7040,Background Intelligent Transfer Service,demand start,auto start
2021-08-06 12:52:00,7040,Background Intelligent Transfer Service,auto start,demand start
2021-08-06 13:36:49,7040,Background Intelligent Transfer Service,demand start,auto start
2021-08-06 13:38:52,7040,Background Intelligent Transfer Service,auto start,demand start
2021-08-06 16:43:05,7040,Background Intelligent Transfer Service,demand start,auto start
2021-08-06 16:45:09,7040,Background Intelligent Transfer Service,auto start,demand start
2021-08-06 17:49:52,7040,Background Intelligent Transfer Service,demand start,auto start
2021-08-06 17:52:01,7040,Background Intelligent Transfer Service,auto start,demand start
2021-08-15 15:09:29,7040,Background Intelligent Transfer Service,demand start,auto start
2021-08-15 15:12:47,7040,Background Intelligent Transfer Service,auto start,demand start
2021-08-15 15:16:18,7040,Background Intelligent Transfer Service,demand start,auto start
2021-08-15 15:18:18,7040,Background Intelligent Transfer Service,auto start,demand start
2021-08-15 15:49:49,7040,Background Intelligent Transfer Service,demand start,auto start
2021-08-15 15:53:26,7040,Background Intelligent Transfer Service,auto start,demand start
2021-08-15 15:56:23,7040,Background Intelligent Transfer Service,demand start,auto start
2021-08-15 16:00:28,7040,Background Intelligent Transfer Service,auto start,demand start
2021-08-22 13:14:24,7040,Background Intelligent Transfer Service,demand start,auto start
2021-08-22 13:24:28,7040,Background Intelligent Transfer Service,auto start,demand start
2021-08-22 13:30:38,7040,Background Intelligent Transfer Service,demand start,auto start
2021-08-22 13:32:38,7040,Background Intelligent Transfer Service,auto start,demand start
2021-08-22 13:33:24,7040,Background Intelligent Transfer Service,demand start,auto start
2021-08-22 13:35:49,7040,Background Intelligent Transfer Service,auto start,demand start
2021-08-22 14:49:56,7040,Background Intelligent Transfer Service,demand start,auto start
2021-08-22 14:53:32,7040,Background Intelligent Transfer Service,auto start,demand start
2021-08-22 15:09:40,7040,Background Intelligent Transfer Service,demand start,auto start
2021-08-22 15:11:46,7040,Background Intelligent Transfer Service,auto start,demand start
2021-08-22 15:53:38,7040,Windows Modules Installer,demand start,auto start
2021-08-22 15:53:48,7040,Windows Modules Installer,auto start,demand start
2021-08-22 18:30:38,7040,Background Intelligent Transfer Service,demand start,auto start
2021-08-22 18:32:42,7040,Background Intelligent Transfer Service,auto start,demand start
2021-08-22 19:49:56,7040,Background Intelligent Transfer Service,demand start,auto start
2021-08-22 19:52:04,7040,Background Intelligent Transfer Service,auto start,demand start
2021-08-25 16:59:59,7040,Background Intelligent Transfer Service,demand start,auto start
2021-08-25 17:16:57,7040,Background Intelligent Transfer Service,auto start,demand start
2021-09-01 16:15:53,7040,Background Intelligent Transfer Service,demand start,auto start
2021-08-25 19:18:12,7040,Background Intelligent Transfer Service,auto start,demand start
2021-09-01 16:30:56,7040,Background Intelligent Transfer Service,demand start,auto start
2021-09-01 16:32:59,7040,Background Intelligent Transfer Service,auto start,demand start
2021-09-01 16:50:51,7040,Background Intelligent Transfer Service,demand start,auto start
2021-09-01 16:52:51,7040,Background Intelligent Transfer Service,auto start,demand start
2021-09-01 18:33:24,7040,Background Intelligent Transfer Service,demand start,auto start
2021-09-01 18:35:48,7040,Background Intelligent Transfer Service,auto start,demand start
2021-09-01 19:13:12,7040,Background Intelligent Transfer Service,demand start,auto start
2021-09-01 19:16:24,7040,Background Intelligent Transfer Service,auto start,demand start
2021-09-01 19:17:18,7040,Background Intelligent Transfer Service,demand start,auto start
2021-09-01 19:19:25,7040,Background Intelligent Transfer Service,auto start,demand start
2021-09-01 21:48:25,7040,Background Intelligent Transfer Service,demand start,auto start
2021-09-01 21:50:27,7040,Background Intelligent Transfer Service,auto start,demand start
2021-09-02 00:13:12,7040,Background Intelligent Transfer Service,demand start,auto start
2021-09-02 00:15:37,7040,Background Intelligent Transfer Service,auto start,demand start
2021-09-12 08:58:24,7040,Background Intelligent Transfer Service,demand start,auto start
2021-09-12 09:04:56,7040,Background Intelligent Transfer Service,auto start,demand start
2021-09-12 09:17:01,7040,Background Intelligent Transfer Service,demand start,auto start
2021-09-12 09:19:01,7040,Background Intelligent Transfer Service,auto start,demand start
2021-09-12 13:04:41,7040,Background Intelligent Transfer Service,demand start,auto start
2021-09-12 13:09:31,7040,Background Intelligent Transfer Service,auto start,demand start
2021-09-20 10:50:17,7040,Background Intelligent Transfer Service,demand start,auto start
2021-09-20 10:55:50,7040,Background Intelligent Transfer Service,auto start,demand start
2021-09-20 11:24:25,7040,Background Intelligent Transfer Service,demand start,auto start
2021-09-20 11:26:25,7040,Background Intelligent Transfer Service,auto start,demand start
2021-09-20 11:42:11,7040,Background Intelligent Transfer Service,demand start,auto start
2021-09-20 11:46:23,7040,Background Intelligent Transfer Service,auto start,demand start
